Part8_E,Part12_E,Part27_E
1.2703,2.2963,1.6224
1.2527,2.4784,2.5536
2.8561,1.0115,1.4470
1.5463,1.1930,2.7289
2.4036,1.3346,1.8411
1.6199,2.4770,2.7819
2.4893,1.1276,1.6888
1.9855,1.8715,1.7280
1.2637,1.1952,2.3211
2.5073,2.4947,1.9471
2.7693,1.1432,1.3375
2.1478,2.4868,1.6104
2.0831,1.0784,1.0728
1.1047,2.7970,1.2504
2.4386,1.0778,1.6843
1.0111,2.2217,2.8324
2.4295,1.0896,1.1451
1.9542,1.5791,2.4163
1.5985,2.7155,2.2230
1.8492,1.6714,1.7189
1.1563,1.9731,2.4098
1.9204,2.2801,1.9585
1.3850,1.5705,2.4975
2.8578,2.3338,1.0726
2.2569,2.0689,2.4918
2.6748,1.9524,2.4103
2.8820,2.3121,1.3909
2.8638,2.0759,1.4240
1.1967,1.0755,2.2503
2.4967,1.5160,1.6911
1.5760,2.6194,1.3050
2.2257,1.6122,1.2053
2.2131,1.9328,2.7594
1.3790,1.2225,2.5819
1.7306,1.3232,2.3787
1.6197,2.9354,1.3431
1.8017,2.6769,1.0879
2.9189,2.4606,2.4041
2.9431,1.3876,1.4015
2.3050,2.8510,1.2912
1.1486,1.4736,1.3445
1.2811,2.1527,2.4287
2.8430,2.7957,1.4027
2.6781,1.2921,1.3617
2.6221,2.2050,1.4350
1.6396,2.4249,1.2832
1.4020,2.7234,1.0280
1.4486,2.9307,2.3642
2.6016,2.9584,2.7655
1.9379,1.9761,2.6857
1.6478,2.5239,1.7677
1.6069,1.7486,2.0244
2.9040,1.5622,1.7340
2.5471,2.6294,1.1989
2.7067,2.9879,1.8552
1.5077,1.6992,2.4297
1.8527,2.9127,2.2628
2.4640,2.9175,2.3835
2.0509,1.1087,2.2307
1.8505,2.3608,1.8370
1.6447,2.2550,1.8594
2.0552,2.2355,1.7215
2.5828,1.1513,2.3480
2.1206,2.5748,1.5787
1.0819,2.8076,1.7280
1.0373,2.0887,1.9866
2.7621,2.2094,1.7983
1.1349,1.4603,2.5153
1.9637,1.1633,2.3122
2.3782,1.2701,1.3609
2.3678,1.6330,1.7389
1.7433,2.9097,1.5081
1.4795,1.7500,1.3134
2.1088,1.4202,2.5247
2.6804,2.7169,1.9316
1.4456,2.6954,2.7240
1.7909,2.3036,1.7072
1.6550,2.3556,2.1939
1.8847,1.8643,2.8347
2.7102,2.6557,1.2359
1.6621,1.7809,2.5732
1.2323,2.7937,1.1329
2.3118,1.0742,1.6374
1.1195,2.0791,1.3410
1.4736,2.4359,1.6557
2.0866,1.6611,2.5443
1.7742,2.0476,2.3856
2.1160,2.3674,1.3007
2.2458,2.8796,1.4883
1.9258,2.0396,1.9127
2.6984,2.4693,1.4213
2.0880,1.3343,1.7882
1.4034,2.8670,2.6457
1.7508,1.9872,1.8797
2.0139,1.0910,2.2412
2.8058,2.0855,1.2337
2.9269,1.2778,2.2259
1.4807,1.9636,1.5298
1.8344,2.1302,2.5786
1.8117,2.3235,1.4682
1.2648,2.3006,1.0190
2.2585,1.3997,2.5881
1.8500,1.1935,1.0211
1.2631,1.1367,1.5936
2.9240,1.1847,2.9859
1.1311,1.0654,1.4616
1.0448,2.4447,2.8008
1.9445,1.8544,2.8438
1.0069,2.0871,1.6489
2.9157,1.3258,1.7997
2.8681,2.0580,2.5263
1.6859,1.3908,2.3518
2.1303,2.5241,1.7850
2.4988,1.1162,1.3084
2.3049,2.1352,1.5740
2.2677,2.6480,1.2017
2.1407,1.7240,1.4195
2.5544,2.5269,2.9170
1.4303,2.2081,1.6179
2.0377,1.0133,1.9186
2.8301,1.7854,2.5310
2.7274,1.2550,2.0839
1.9766,2.2123,1.3446
2.9319,2.7605,2.6381
2.4618,2.9576,1.1076
2.6978,1.8618,1.0175
1.2041,1.3859,2.7904
2.3651,2.2530,1.5982
2.3290,1.5902,2.2379
1.2189,2.7723,2.8964
2.9368,1.9355,2.9307
2.5458,2.2465,2.3060
1.8014,1.3400,1.7688
2.2228,1.2548,2.7935
1.0105,2.5067,1.1641
2.1685,1.3031,2.7627
1.3511,1.0758,2.7340
1.3879,1.2418,2.9375
1.5769,2.5065,2.1540
2.1522,2.3526,1.4621
2.9074,2.5895,2.2304
2.1846,2.7828,2.1924
1.7181,2.1481,2.1265
2.1169,2.7755,2.5328
1.5535,1.6973,2.7144
1.3477,1.1653,1.1903
2.6477,2.7225,1.1705
1.6289,1.0323,2.3545
2.0557,1.6097,2.7915
1.9664,2.2947,1.4220
2.4086,1.0488,2.3455
1.8954,1.8271,2.2557
2.0106,1.5498,2.4893
1.9404,2.7958,2.7728
1.4274,1.3153,2.4744
1.5539,1.0683,2.4875
2.4945,2.5156,2.7325
2.4197,2.4781,1.4844
2.5413,2.5947,1.3843
2.4732,1.4769,1.5679
1.0190,1.8126,2.2797
1.0275,1.3014,1.3290
1.1894,1.2033,2.0545
2.0749,1.5943,2.3052
2.3231,2.5206,1.7349
2.1584,2.7869,2.9037
1.3427,1.7686,1.6422
1.5829,1.1535,1.3333
2.0748,1.4161,1.4125
1.4536,2.9348,1.3829
2.4453,1.3830,2.6766
2.8202,2.3029,2.8308
2.9062,1.0343,1.8142
1.6704,2.1441,1.8099
2.1482,1.5397,2.8489
1.6996,1.0112,1.2445
1.3755,2.5343,2.2658
2.5976,1.3726,1.0692
2.9414,2.6857,2.7713
2.3925,2.1300,2.3025
2.4251,1.8243,2.8661
2.4118,2.8329,1.0443
1.9216,2.1698,1.8391
2.3083,1.0554,2.3770
2.6966,2.0027,1.3167
1.9253,1.8878,2.1542
1.8836,2.1274,2.9018
2.4830,2.7051,1.3434
1.6686,2.5918,1.4283
2.5470,2.4921,2.4499
2.6801,1.4129,2.8331
2.7488,2.6141,1.4855
1.9964,2.2651,2.1426
1.4581,1.5204,2.7623
2.3687,1.0770,2.2892
2.1445,1.3548,2.7060
1.6641,2.8140,2.7595
1.4991,1.6279,1.0116
2.0502,2.0840,1.9508
2.4282,2.1965,2.3306
2.5988,1.9495,1.7281
2.5712,1.9096,2.7197
2.4968,2.9705,2.3714
2.2648,2.9504,2.1288
1.2502,1.2041,2.8366
1.9743,2.5570,2.0089
2.6821,1.9750,2.1846
1.6886,2.2767,1.8259
2.3065,2.6749,1.9282
1.0353,1.9515,1.9328
2.1439,2.7968,2.8728
2.7767,2.3881,1.3455
1.1935,2.6407,1.3726
2.6247,2.1957,2.8465
2.7484,1.5931,1.5598
1.1203,2.0419,1.2935
2.2967,1.1910,2.4405
2.7164,1.9473,2.7122
2.8689,1.0830,2.3603
1.6458,1.9900,2.7854
1.9502,2.9178,1.4553
1.0138,1.6075,1.7260
2.2542,1.6980,1.7061
1.6084,1.6445,1.6186
2.1491,2.4523,2.1373
2.8479,1.4047,1.4583
2.9329,1.6039,1.7634
1.1741,2.6163,2.0030
2.6748,2.1682,1.9107
1.0477,1.7250,1.8237
2.3846,1.1166,2.5696
1.9028,1.9963,1.5901
1.8599,1.7275,2.1087
2.2875,1.1580,1.6213
1.9070,2.5440,1.8342
1.6585,1.7768,2.3776
1.5763,2.3098,2.9896
1.5378,1.1586,2.1370
1.6167,1.8084,1.4903
1.0006,2.6445,1.2180
2.1919,2.3462,2.2698
2.6757,2.9697,2.3510
1.8450,1.3376,2.0237
2.9437,2.5313,1.1208
2.2251,2.3680,2.4818
1.0570,2.5073,2.6656
2.8227,2.6620,1.3716
1.1291,2.7686,2.3160
1.2125,2.1852,1.8814
2.9068,2.2785,1.7496
2.4981,1.9136,2.7516
2.9084,1.4678,2.1314
2.9109,2.0259,1.8575
2.7554,2.0849,2.0890
2.0895,1.9953,1.1692
1.6197,2.8372,1.1387
1.3721,2.4947,2.8378
1.8293,2.2574,2.1410
2.5472,1.5725,1.5460
2.4232,2.5469,1.7364
2.6534,2.2520,2.5389
1.2980,2.4759,2.6069
2.4836,1.2398,2.4255
2.4605,2.9631,2.3611
1.9729,1.1661,1.0725
2.5878,1.8460,1.2724
1.3304,1.2203,2.0290
2.8210,2.1032,1.8579
1.9675,2.3593,2.9022
2.5896,1.8356,1.1051
2.4853,2.7821,2.0761
2.8177,2.4968,2.1921
2.3810,1.0448,1.9319
2.5215,2.9214,1.8605
2.0418,1.1879,1.2254
2.4167,2.7906,1.6441
2.9853,1.3455,1.1128
1.4503,2.3473,2.3108
1.3207,1.4423,2.2547
2.3142,1.8969,2.9084
1.8327,2.3861,1.8722
1.0327,2.2709,2.3977
1.8780,1.3617,1.1708
1.1166,2.7621,1.1035
2.0347,1.8672,1.3943
2.9059,2.7518,2.1023
1.9172,1.5628,2.3234
1.3553,2.4165,1.5991
2.1867,1.0600,1.3263
2.3401,2.5317,2.6308
1.1092,2.8509,1.2960
2.6571,2.8726,2.7827
2.2779,1.6986,1.8334
1.2574,2.3631,1.6367
2.7090,2.1868,2.8551
1.2888,1.6446,2.4104
2.4741,2.6026,2.0968
2.5306,2.7608,1.6285
1.5509,2.9204,2.5632
2.5099,1.1942,2.0252
2.5104,2.0271,2.3223
1.5931,2.4839,1.4595
2.0200,1.3015,1.7933
1.6910,1.4415,2.0786
2.5969,2.7179,1.1232
2.8228,1.7994,2.8494
1.4139,1.4136,2.8322
1.9948,2.6315,2.8506
2.7225,2.4368,1.7397
2.9081,1.6348,1.2601
1.2490,2.6225,1.5181
2.5657,1.3085,1.0412
2.0274,1.3312,2.9773
1.4584,2.0963,1.1263
2.0076,1.3929,1.4317
1.6376,1.9290,2.9944
1.5244,2.9317,1.9725
2.4948,1.5123,1.4382
1.5860,2.8969,2.0426
1.7457,2.7279,2.9141
1.8599,1.7955,1.9364
1.1330,2.1533,2.9797
2.2746,1.2244,1.4132
1.3131,2.8559,2.1462
1.0374,1.8505,2.8795
1.7688,1.0887,1.1434
1.4841,2.2013,2.0679
2.2874,2.5166,1.6257
1.0660,1.3516,2.9877
1.3823,2.2582,2.1760
1.6325,1.8329,2.4633
1.2119,2.8608,1.9258
1.3508,1.0233,2.7982
2.1934,2.7682,1.9541
2.6147,2.2103,2.1225
1.1443,1.7283,1.9953
2.3053,1.4453,1.6136
1.8372,2.6677,2.9421
2.0991,1.3538,1.9520
2.1700,2.9830,2.6362
1.1492,2.0239,1.6978
2.4683,1.0136,2.8583
2.5323,1.9137,2.5126
2.9124,1.1462,2.0453
1.1423,1.0017,2.7117
2.7613,1.9063,1.7532
1.1780,1.9092,2.0923
2.4006,1.3106,2.3333
1.6084,1.8669,2.5775
2.6447,2.3570,2.7005
2.7759,2.7577,1.3111
2.9336,2.9041,1.8372
1.0232,2.2589,1.4980
1.7851,1.3425,1.1060
1.4821,1.7334,1.6885
2.1667,2.7740,2.2496
1.1637,1.0029,1.2144
1.3331,2.2093,2.7601
1.6321,1.6874,2.1094
2.5467,2.2745,2.1194
2.8611,1.2622,1.7489
2.2521,2.7098,1.1918
1.5692,2.3765,1.4502
2.4339,2.5645,1.1130
1.2513,2.9626,2.8604
2.6649,2.3823,2.6231
1.2883,1.0663,1.7613
1.7771,2.1643,2.5758
2.5834,1.6209,1.2289
1.0892,1.7336,1.8842
2.9684,1.2097,2.3465
2.0426,2.9656,1.3984
1.6247,1.5016,2.9906
2.1753,1.7369,1.0135
1.6017,2.9508,2.8438
1.2512,1.3555,1.9651
2.4928,2.6289,2.6600
2.6161,1.5294,1.9542
2.8737,1.9618,2.9801
2.4379,1.8885,1.0517
2.3474,1.5970,1.7050
1.2686,2.8726,1.7467
1.2104,1.6945,2.0617
1.6265,2.0309,2.9395
2.7921,1.3507,1.0812
1.2082,1.9364,2.9285
2.4791,2.5115,2.4546
1.4971,1.8981,2.7252
2.0633,1.1485,1.8846
2.4314,2.2709,1.4697
1.2136,1.3604,2.3232
1.3266,2.6239,2.8316
2.1258,2.7747,2.9509
2.2268,1.4505,1.5029
1.4354,1.6632,1.7145
2.4940,1.0205,1.0631
2.6472,2.7336,1.7030
1.8584,1.8084,2.3529
1.1473,2.9166,2.7123
1.8688,2.5306,2.1983
2.4894,2.6345,2.8443
1.1302,2.9198,2.9269
1.4020,1.1318,2.8317
2.7375,1.1203,1.0770
2.8355,1.2712,2.5965
2.6526,2.0521,1.3952
1.4820,2.6922,1.0845
2.5745,1.7250,1.4124
2.3577,2.0008,2.0959
1.1802,2.6685,2.2728
2.1721,1.4642,2.2177
2.9259,2.1375,1.1496
1.9406,1.9422,2.2931
2.2666,2.2518,2.5100
1.3697,2.0709,2.5137
2.9511,2.8136,2.0885
2.3847,1.2453,2.2400
2.6584,1.2116,1.0023
2.3470,1.1232,2.2360
2.7538,2.9710,2.7059
1.2487,1.2210,1.0020
2.3472,2.4433,2.0523
2.8650,2.8971,1.3150
1.5347,1.5717,2.6339
2.5254,1.4767,2.6002
1.0054,2.2254,2.7465
1.0370,2.4610,2.1921
2.8122,2.3012,1.0913
1.2036,2.3678,1.3655
1.6481,1.5770,2.9541
1.3488,1.5728,2.8710
2.4815,2.4981,1.7142
1.9316,2.0530,1.8791
1.7981,2.9369,2.7124
1.5641,2.8079,2.1782
1.3200,1.1368,2.6957
2.9779,1.2351,1.2753
1.1744,2.0852,1.1308
2.3802,1.3206,1.9884
1.6995,2.4278,1.9198
1.4743,1.2691,2.1010
2.9780,1.5979,1.6297
2.6446,1.4046,1.7481
2.7263,1.3785,1.8614
1.5331,2.7377,1.1533
1.2242,1.8029,2.3219
1.7035,2.5906,1.0108
2.8063,1.7425,2.4261
1.2416,1.8228,1.7573
1.2455,2.2059,1.6525
1.0267,1.4017,1.8993
1.7221,1.1863,1.6162
1.7702,2.8397,1.8008
2.4889,2.6552,2.0320
1.6357,2.0861,1.4145
1.7048,1.2174,1.9332
1.8672,1.1602,1.5083
2.0340,1.1373,2.1295
2.0608,2.6566,1.3391
2.7020,2.4398,2.7679
1.8719,1.4089,1.4146
1.8793,2.0267,1.7347
1.5633,1.3867,1.1136
1.0642,1.0432,1.6760
1.0374,1.3027,2.2905
2.9774,2.8556,1.6579
1.1784,1.5513,2.5115
1.2122,2.0819,2.4026
2.4391,1.7906,2.8746
2.2385,1.2262,1.0033
2.7730,2.6431,2.2023
2.4966,1.0623,2.7941
1.0314,1.2552,2.1840
1.2859,2.3606,1.3330
1.7565,2.5592,1.3597
2.4268,1.6329,1.3222
2.5218,1.4530,2.9026
1.6084,1.9597,1.7344
2.3439,1.3223,2.3588
2.7168,1.7593,2.8480
1.6444,1.6006,2.8884
1.9433,2.5409,2.6097
1.3438,2.7870,1.3040
2.1895,1.6665,2.4632
2.1473,2.5537,1.1941
2.2118,2.2287,1.1250
1.3265,2.4783,1.6387
2.4757,2.0438,2.7745
1.3454,1.3782,1.1609
2.1403,1.0938,1.6885
2.7257,1.2189,2.4081
2.6607,2.5340,2.8341
1.4464,1.7818,2.1254
1.8157,1.5641,2.5712
2.9377,1.5257,2.8850
1.5558,2.3643,2.0667
2.0223,1.8502,1.0678
1.8584,2.1789,2.8409
2.8038,2.8883,1.2126
1.1084,1.1284,2.0116
2.9791,1.3243,2.1371
2.6384,2.0131,2.1486
2.9948,2.9919,2.4793
1.6176,2.1934,2.4697
1.1644,2.2576,1.4000
1.0169,2.4659,1.5876
2.7676,2.7050,1.2125
2.8824,1.9754,2.7334
2.3625,1.3107,2.3947
1.4659,1.7914,2.8420
1.3183,1.2256,2.6635
1.1866,1.4231,2.9813
1.8350,1.1655,1.1051
2.0989,1.7440,1.1446
1.5342,2.1639,2.4529
2.1116,1.4417,1.6277
2.8009,2.5856,2.8303
1.1404,1.0144,1.1862
1.3276,1.5372,1.1551
1.5695,1.7081,1.4453
1.2850,1.5010,2.0873
1.6689,2.7550,2.0493
2.9326,2.6614,1.2224
2.1612,2.3492,2.6181
1.6210,1.1619,2.1635
2.0861,1.4231,1.4817
1.5583,2.7478,2.2865
2.9888,2.2974,2.5274
1.5596,1.8849,1.2268
2.6976,1.4145,1.3837
1.6094,1.6463,1.3184
2.3917,2.7836,2.0431
1.4123,2.2060,1.0064
1.0353,2.5176,1.2523
1.3256,2.6244,2.3917
2.7244,1.3934,2.3625
1.9489,1.3580,1.9696
2.1056,1.0861,2.5052
1.1326,2.3327,2.8626
2.2564,1.3879,1.0290
2.8763,1.9062,1.6524
2.6198,1.0119,2.1045
1.2623,2.1761,2.6688
1.5526,2.5760,2.6636
1.6350,1.1045,2.3404
2.4428,1.0712,2.7023
2.2693,2.1995,1.1420
2.2779,1.9282,1.1550
2.9844,2.0759,2.6502
1.9908,1.0257,2.6564
1.9558,1.2892,1.2439
1.2702,2.3328,1.5784
1.3858,1.2733,2.7291
1.1156,1.9800,2.6869
1.9151,2.0049,2.4525
1.9423,2.4219,1.9511
2.5457,2.8441,2.7662
1.1322,2.9253,2.6980
2.4132,2.6774,2.6639
2.5928,1.2326,1.0865
1.6489,1.4997,1.3034
1.0770,1.1470,2.3384
1.6504,1.5417,2.4218
1.0498,2.6172,1.2652
1.7889,1.2830,1.4344
2.0307,1.2288,2.2475
2.5790,1.6239,1.5436
1.2176,1.7830,1.2233
2.8950,2.2280,1.3977
1.3927,1.7542,1.6140
1.4014,2.8594,2.7883
1.5610,2.1128,2.0415
1.0566,2.3261,1.2983
2.3671,2.4901,1.6684
2.6326,1.4908,1.5944
2.3382,2.5097,1.9211
2.5644,2.4370,1.7320
2.5986,1.8287,2.0380
2.1815,2.1813,1.1112
1.4781,1.9067,1.5464
2.2153,2.8272,2.9434
1.8929,2.5741,1.5102
2.2931,1.4743,1.7616
2.4022,2.2970,1.7555
1.4666,1.8705,2.8096
2.2623,1.7750,2.6850
2.3895,2.2412,2.3907
2.8002,2.6639,1.5835
2.8836,2.1119,2.4246
2.1556,1.2391,1.2375
1.8558,1.5806,1.6955
1.3983,1.5295,1.3880
2.9855,2.3735,1.3483
2.6640,1.6099,1.0714
2.6428,1.2677,2.0725
2.0911,1.4907,2.7347
2.0771,2.8742,2.6875
2.7384,2.4389,2.5120
1.1896,2.2996,1.2842
1.4650,1.0725,1.9911
2.9414,1.4361,1.0934
1.0100,1.5612,1.8683
2.6197,1.3418,2.4151
2.6990,1.5068,2.1679
2.3750,2.7683,2.4871
1.6760,1.2592,1.1903
1.4200,2.9536,1.4738
2.1065,2.6311,1.4475
2.4613,1.5466,2.8669
1.0925,2.1956,2.8507
1.8895,1.3552,2.6949
2.1682,1.0013,1.0494
2.2075,1.5483,2.9048
2.2126,2.9035,2.7027
2.5243,1.1963,2.1032
2.8085,2.5274,1.6114
2.7096,1.4556,1.2030
1.8117,2.7398,1.9961
1.2057,2.2951,2.2270
2.8793,1.4650,2.1006
2.3671,1.1068,2.0650
2.5653,1.6403,1.9759
2.5673,2.6403,2.9795
2.3396,1.4338,2.4200
2.8298,1.9522,1.4208
2.4714,2.7584,2.1484
1.2393,1.0822,1.6769
2.4603,2.2852,2.3381
1.3440,2.2642,1.1533
1.8571,2.1274,1.5651
2.8018,2.0873,2.9205
2.5299,1.1023,1.1466
2.9496,1.2537,1.4881
1.2649,2.8529,2.1587
2.2289,1.6887,2.6411
1.0043,2.3939,2.5361
2.5888,2.6601,1.3370
1.8829,2.0270,2.1582
1.3618,2.3404,1.9922
2.8142,1.6284,1.5825
2.6005,1.6121,1.5255
1.8636,2.5462,1.9187
2.5239,2.7632,1.9720
2.6360,1.6573,1.4496
1.3021,2.5982,1.6913
2.8742,1.3253,2.1171
2.7749,1.0732,2.6659
2.3300,1.2889,2.4364
1.4042,1.2356,2.3032
1.5223,2.0159,1.2011
2.4972,1.4879,1.8242
1.4632,1.2971,1.3388
2.8547,2.1971,2.7305
1.9247,2.2709,1.2194
1.0199,2.7320,2.1223
2.8589,1.4930,2.7430
1.3760,2.1305,2.5831
2.6166,2.8413,2.7190
2.8047,1.8959,2.8990
2.4549,1.1303,1.8325
1.4379,1.6976,2.6473
1.2422,2.3461,2.2655
2.3568,2.9497,2.4301
2.3999,1.8848,2.5662
2.6979,2.9626,1.6557
2.0256,1.4277,2.3211
2.4673,2.3745,2.8627
2.2829,1.9196,1.6701
2.0472,1.2780,1.8615
1.8900,1.1851,2.7142
2.6555,1.4451,1.8243
1.6646,1.1372,1.7898
1.3129,2.5397,1.9252
1.2730,1.2718,1.7342
2.7524,1.5815,2.4164
1.6676,1.6207,2.3611
1.3997,1.2303,1.9787
1.1826,2.8528,1.0116
2.4489,1.8874,2.8111
2.2832,1.4759,2.2810
1.1913,2.0181,2.8935
2.8428,2.7328,1.7689
1.3317,2.4999,1.9934
1.2658,2.8174,2.3018
1.8878,1.8473,1.7626
2.3990,1.3996,2.7765
1.4391,1.6991,1.3263
2.0095,1.4722,1.2188
2.6215,2.4341,2.3944
2.5821,1.4733,2.4016
1.6909,2.8598,2.5604
1.6413,1.1324,2.3869
1.1694,2.8728,1.2197
1.9786,2.1039,2.5080
2.6810,1.2767,1.6743
2.7153,2.1445,1.8750
2.3759,2.6609,1.4310
2.6053,1.2336,2.6476
1.2695,2.6514,2.4995
2.3544,2.9038,2.6568
2.4978,2.8668,1.4007
1.8624,1.3190,2.9767
1.1709,2.6043,2.4721
1.4619,1.9067,2.6363
2.1046,1.3944,1.4654
1.6141,1.1035,1.6380
2.3052,1.9580,1.0476
1.7133,2.9157,2.0178
1.3917,1.3369,2.0181
1.1455,2.3365,2.9670
2.0669,1.7364,1.3279
1.4391,2.4037,1.5584
1.8074,1.2685,1.5151
2.0474,1.9560,2.8164
1.8612,2.8336,1.2694
1.2224,1.4720,1.5760
2.7473,2.9872,1.4831
1.7025,1.1812,2.5311
2.2674,2.1279,2.4779
2.0594,1.7708,2.2389
1.7359,1.7003,2.9050
1.9747,1.2073,1.6679
2.0128,1.4535,2.0410
1.2701,2.6034,2.6229
2.9936,1.9366,2.4617
2.9524,2.7512,1.4211
1.5736,2.2862,2.1108
1.9975,2.3595,1.3003
2.5781,1.5698,2.0291
2.1474,1.5654,1.8949
1.6677,1.2628,1.0203
1.0925,1.6947,2.8117
2.3937,2.2586,2.5533
1.4254,2.2179,2.8627
2.1634,1.7232,2.6032
1.4640,2.4652,2.2701
2.2762,1.3319,1.9710
1.1222,1.9341,1.4540
2.0003,2.3507,1.0809
2.5536,1.3238,2.5643
1.0920,1.6927,2.1926
1.2957,1.0983,1.3340
1.6039,1.6833,1.3959
2.5018,2.0986,1.1486
2.3288,2.6658,2.3367
1.8700,1.1342,2.3683
1.9730,2.7763,1.1860
1.7805,2.5997,2.2474
1.0098,1.8807,2.3755
2.5457,1.9165,1.5139
1.1266,1.6236,2.7351
2.5947,1.3379,1.4529
2.9303,2.2607,1.1504
1.7854,1.6066,2.7282
2.9231,2.0726,1.1791
1.1931,1.7893,1.1558
2.1912,2.9779,1.3123
1.9238,1.8653,2.0643
1.3947,2.9236,1.0066
1.3776,2.3026,1.0257
2.7986,2.8405,1.1645
2.5101,2.7621,1.7954
1.6915,1.6557,2.4679
2.9662,2.5223,1.8448
2.6998,2.9917,1.6082
2.3616,2.3841,2.4100
2.4871,1.8005,2.8880
2.7362,2.2866,1.3993
2.0416,1.0296,1.4366
2.4840,2.1407,1.6247
2.2694,1.3653,1.0778
1.4650,2.3624,1.8471
1.6687,2.6994,2.0739
1.0135,2.0667,1.1800
1.3272,1.9065,2.0479
1.0866,2.0898,1.0018
2.9156,2.1599,1.5236
1.6391,1.0462,1.1167
2.4393,1.8634,2.0514
2.6909,1.0348,1.3167
1.6051,1.4957,2.7669
2.5828,2.8121,1.4752
2.2809,1.5852,2.6156
1.1235,2.0885,1.9968
1.8265,2.6219,2.1456
2.1494,1.8175,2.9154
2.3883,1.1173,2.6719
1.2783,2.0982,1.6358
2.5505,2.0221,2.3651
1.0986,1.6345,2.6251
1.1532,1.2633,2.1511
2.8251,1.0821,1.0440
2.4248,2.8608,2.6704
1.6512,2.4042,2.0658
2.7686,1.6943,2.4849
2.0810,2.3515,2.5268
1.1993,1.9303,1.4758
1.8085,1.0434,2.5994
1.3071,2.9544,1.3385
2.0048,1.4560,2.7705
2.1474,2.6191,2.2711
1.8479,2.4067,1.8452
2.1824,2.0930,2.5963
1.8865,1.7629,1.7053
2.5756,1.6297,1.9790
1.3488,1.4112,1.7370
1.1340,2.3509,2.1329
1.1991,2.6999,1.2420
1.0562,2.5280,2.1066
1.9129,1.2483,2.6808
2.5681,1.8407,1.2238
1.2988,1.2114,1.6160
2.3719,1.3723,1.0091
2.8588,1.2401,2.9571
2.5997,2.4811,2.5847
2.1790,1.8195,1.2223
2.3256,2.6480,2.3791
2.6054,1.6411,2.5705
1.4637,2.5796,2.9761
1.3268,1.8294,2.2889
2.5490,1.5253,2.6748
1.2013,1.7433,2.1165
1.0945,2.4083,1.0687
1.8761,1.6826,1.5109
2.2317,1.0614,2.6177
1.5128,2.0109,1.9179
2.6250,1.8721,1.8387
1.7194,2.2362,1.8552
1.3009,2.3832,1.1201
1.9555,2.6541,2.6773
1.3129,2.9476,1.1453
2.0109,2.8362,1.1471
1.9921,2.1172,2.0412
2.3333,2.0439,2.1982
2.9738,2.9487,2.3417
2.5851,2.4495,2.7618
2.9842,2.3714,1.0268
2.3434,2.6774,1.3484
2.3900,1.8778,2.7792
1.2132,2.8361,1.7701
2.3109,2.4312,1.3513
1.6138,2.0218,2.3669
2.3535,2.1279,1.8866
1.3347,1.7664,2.2246
2.1151,1.9928,2.1609
2.7568,2.4977,1.8656
2.0207,1.6245,2.1430
2.9231,1.6259,1.9244
1.9781,1.2416,1.8071
2.8560,1.1058,1.4270
1.0688,2.1316,1.7079
1.4882,2.4018,1.9578
2.0347,1.3682,1.0636
2.0468,2.7570,2.5742
1.7885,2.8907,2.7320
2.8620,2.0066,1.5987
2.3761,2.2229,1.9339
2.4062,2.2372,2.0676
2.6855,2.0254,2.4474
2.3828,1.1724,2.7199
1.3448,1.7231,1.4899
2.2412,1.9173,1.9775
2.4308,2.2125,1.0160
2.3633,2.7333,1.7879
2.2448,2.3577,2.7161
2.0406,1.8154,2.7892
2.0673,1.0086,2.8165
1.3220,2.0175,1.7144
1.7147,1.6717,1.6948
2.8533,1.4216,2.9163
2.2664,1.9156,2.3567
2.3500,2.2812,2.3679
1.5564,1.9711,2.6272
1.6630,2.8200,2.4281
1.1262,1.7810,2.3236
2.2055,2.6434,1.3848
1.1621,1.6502,1.1693
1.4453,2.0674,2.5430
2.5124,1.4488,1.4146
1.2500,1.8167,2.0705
1.8519,2.5258,2.3477
2.0270,2.5396,1.4956
1.2630,1.7130,1.5437
1.1769,1.0819,2.6430
1.4083,2.3504,1.9283
1.6126,2.0067,1.7537
1.7177,1.5725,1.7743
2.6381,2.4150,2.8495
2.8907,1.2822,1.5229
1.8965,2.5716,1.2449
1.9740,2.5459,1.9048
2.3314,2.4519,2.0698
2.4099,1.5058,1.9509
2.0508,1.2867,2.2437
2.0375,1.3773,2.0131
2.8925,2.0630,1.4260
1.9650,2.4233,2.4113
2.5608,1.2571,1.8805
1.6015,1.8482,1.4709
1.0190,2.7123,1.1267
1.6685,1.8811,2.8756
2.8709,2.3456,1.8492
2.5785,2.6098,1.9405
1.6558,2.4847,1.3014
2.7299,2.7467,1.7770
1.1158,1.2156,1.8239
2.7036,1.9556,1.6950
2.7855,2.6958,1.9183
2.4199,1.8176,2.5514
1.8254,2.3762,1.3401
1.5375,2.2829,1.2348
2.3897,2.3305,1.0286
2.9024,2.5256,2.8749
2.4270,1.1422,2.4492
1.0206,2.6197,2.6203
2.4883,2.2131,2.5440
1.3044,2.1844,1.5467
1.6116,1.9734,2.3280
1.3645,1.0456,1.2030
2.8118,1.7686,1.0292
2.6783,2.6395,1.8833
2.1874,1.5328,1.2038
1.5140,2.0937,2.5059
2.6261,2.5158,1.5784
2.6200,2.0890,1.2169
1.9132,2.9780,2.4519
1.6724,1.2904,2.8916
1.5039,2.0164,1.7468
2.2211,1.5768,1.6329
1.9854,2.5007,2.5267
1.4553,1.8803,2.3536
2.4237,1.9072,1.7192
2.7589,2.1979,1.4338
2.3474,2.9314,2.5085
1.1232,1.4737,1.2733
1.4814,1.8535,2.4245
1.0733,2.4107,1.9854
1.7957,2.3479,2.4802
1.0403,2.8694,2.3122
1.7075,1.7906,1.1419
2.9308,1.0175,2.5759
2.9782,2.0560,2.6885
2.0154,1.6266,1.7378
2.0117,1.6524,2.2960
2.8412,2.3496,2.7128
1.8078,2.0574,1.5076
2.5064,1.0908,1.4356
2.1141,2.9436,1.5998
2.7734,1.9900,2.8842
1.5639,1.1738,1.5842
1.7998,1.5324,1.6120
2.4713,1.9683,2.4802
1.0057,1.9644,1.2283
2.0063,1.3675,2.2319
1.2290,1.8099,2.7724
2.6693,2.3078,2.8097
1.9507,1.7522,2.7819
1.1984,1.4788,2.1324
2.2506,1.5468,1.9372
2.5316,2.2261,1.3665
2.2101,1.6933,2.0215
2.4164,2.5952,1.7088
2.7733,1.1927,2.2616
1.2763,1.0824,1.1600
1.3435,2.4117,2.2623
2.5149,1.5760,1.1567
1.5173,2.5387,1.2286
1.4599,1.5434,2.7820
1.8771,1.7266,1.1486
1.4298,2.8702,2.0488
2.3786,1.2655,2.4132
2.1534,1.4119,1.2836
1.9303,1.1906,1.9447
1.1120,1.7028,1.6729
2.7852,1.9260,1.4451
1.8280,2.2292,2.7280
1.5053,1.8720,1.6298
2.1238,1.9454,1.8221
1.8511,2.3972,2.2485
1.7593,1.4553,1.5307
1.9627,1.2881,2.9005
1.3692,1.5441,1.6215
1.7705,1.2858,2.8949
1.4145,2.9972,2.9760
1.4981,2.5029,2.1043
2.9884,1.2474,1.1604
1.3427,2.0301,1.4778
2.2457,1.1282,2.8847
1.5360,2.3147,2.8512
2.3147,2.5584,1.1923
1.7759,1.5129,1.3039
1.5917,1.4322,2.3112
1.8763,2.1912,1.5967
1.9753,2.3300,1.9696
1.9912,2.8862,1.3909
1.9753,1.3036,1.3564
2.1555,1.1484,2.8393
1.7089,2.2263,1.4039
1.5346,2.0047,2.7732
2.9855,1.7495,2.7138
1.7246,2.1247,1.7432
1.2829,1.3967,1.1675
1.8988,2.3749,1.4385
1.1459,1.7642,2.3987
1.4025,2.5653,2.9746
1.0093,2.1367,1.1031
1.5687,2.8491,2.8529
1.6971,2.3858,2.2658
2.7261,1.9136,2.3325
2.7915,1.0550,1.3604
2.4266,1.4291,2.9798
1.0574,1.6922,2.3786
1.2992,1.4953,2.3563
2.3792,2.3254,2.0478
1.2873,1.4903,2.4577
1.8766,2.4607,1.0736
2.6333,1.8842,2.5105
2.5621,2.9663,1.8736
2.2797,1.4966,2.1732
2.0632,2.9869,2.6471
1.4747,1.2560,2.7735
1.4059,2.7779,2.2374
1.5536,1.8518,1.8521
2.9360,2.6484,2.9948
1.0307,1.4642,2.5010
1.3137,1.5563,1.5481
1.3610,2.9124,2.4869
1.7434,1.2001,2.2454
2.7353,2.6137,2.2847
1.6903,1.5135,2.1553
1.9449,2.3906,2.4305
2.1920,2.4980,2.4579
2.2364,1.7593,1.1955
2.2930,1.4504,1.2195
2.8698,2.3796,1.8060
1.3388,1.3764,1.7858
1.1378,1.0264,1.2791
1.9745,1.1618,1.0868
2.4330,2.0607,2.5201
2.2275,2.7411,2.1656
2.6988,2.9240,1.4605
2.4499,1.7958,2.2913
2.6215,1.7841,1.6121
2.9867,2.5885,1.5483
1.1699,1.9176,2.1199
2.9697,2.4479,1.1776
1.7129,1.6616,1.9318
2.7596,1.6280,1.9680
2.7355,1.4268,1.5174
1.3334,1.1376,2.3186
1.0654,1.0718,2.2123
2.7946,1.4572,1.3294
1.1376,2.3338,1.9723
1.5487,1.4993,1.3951
2.9037,2.5491,2.4864
1.3053,2.8280,1.6977
2.9699,2.8131,1.2441
2.6227,1.0102,1.0142
1.9766,2.4118,2.4949
1.2936,1.4437,2.0849
2.3624,1.8373,2.9166
2.4677,2.3884,2.0586
1.8507,1.1844,2.2433
1.4314,2.9363,1.2544
2.3141,2.0651,2.7504
1.7055,2.9096,2.5935
2.2990,1.3754,1.1868
1.3087,1.2046,1.9028
2.2888,1.9847,1.9496
2.2810,2.8257,1.1014
1.7538,2.4985,1.6567
1.8807,1.1242,1.7269
2.8515,2.1629,1.0795
1.2195,1.8106,2.8697
2.1165,1.3550,1.0906
1.7866,1.7980,1.3486
2.1043,2.2445,1.9737
2.6128,1.4164,1.7287
2.3497,1.5477,2.3869
2.3602,1.9730,1.8449
1.4697,1.9457,1.3868
2.9709,1.8919,2.0154
2.2272,1.9509,2.2770
2.6179,1.0292,1.7188
1.9734,2.7041,1.3776
2.4499,1.3957,1.6359
2.3732,1.4381,1.9936
2.2830,1.0298,2.5457
2.5956,2.8771,1.4468
1.1427,2.6343,2.4037
1.2992,2.5515,2.7100
1.9953,1.7267,2.2447
1.4866,2.4174,2.3085
1.6198,2.2558,2.4512
2.5261,1.9938,2.2364
1.2524,1.1250,2.9483
2.8845,2.8139,2.8408
2.2081,1.9559,1.4434
1.0833,2.8352,1.2800
2.3455,1.2363,2.7828
1.4272,2.7458,2.2375
2.1183,1.1795,2.5664
2.6781,2.1477,1.2107
2.5755,1.9902,1.5210
1.2142,1.3819,2.6764
1.4629,1.5475,1.8211
2.6594,2.4177,2.7233
1.3731,1.9217,1.0331
1.4559,1.5438,1.9210
2.4493,2.6945,1.0198
1.5277,1.5288,2.0439
1.5984,2.2153,2.7348
1.8357,2.0586,2.1901
2.5903,2.0733,2.0666
1.1938,2.3746,2.4030
1.2575,2.9634,1.8233
2.8160,2.5397,1.3577
2.6436,1.4611,2.5964
1.4496,1.2251,1.3805
1.1489,1.0841,1.9879
1.0335,2.5655,1.0854
1.1730,2.4002,2.8530
1.1825,1.8631,1.4281
1.5405,2.2413,2.4976
1.6602,2.7645,1.8454
2.1179,1.6091,2.8075
1.7542,2.1967,1.3800
2.8786,2.3280,2.0937
2.1441,1.6711,2.9568
1.5658,1.5208,2.9476
2.6589,1.5709,1.0887
1.7436,1.5934,2.9501
1.1006,1.3796,2.7359
1.0395,2.5374,1.9156
2.0868,2.3171,1.4569
1.7909,2.3363,1.1197
2.2879,1.0061,1.6530
1.0439,2.3323,1.2263
1.3413,2.2189,2.0815
2.2553,1.2371,1.3416
2.5834,1.7549,1.9926
2.3611,1.5894,1.6676
2.1924,1.5179,2.4878
1.7463,1.8611,1.8663
2.6626,2.9928,2.9280
1.6394,2.9376,1.6668
2.1967,2.8423,2.5044
2.5257,1.6442,1.0378
1.6908,1.1495,2.1505
2.1888,2.5198,2.9009
2.7732,1.0149,2.7117
2.2322,2.7588,1.7754
2.7523,2.4896,2.2355
2.5818,1.6311,2.7337
2.3983,2.0805,1.0960
2.1091,1.6572,2.8104
1.9691,2.8458,1.7805
2.6474,1.1657,2.6858
2.6649,1.0913,1.0519
1.1874,1.8042,2.5570
1.3029,2.2525,2.0145
2.7554,2.2336,1.0695
2.1522,2.1976,2.6951
2.5929,2.1360,2.8367
2.8888,2.0890,1.0606
1.9084,2.2365,2.1696
2.0581,2.4139,2.0845
1.1697,2.1176,1.3233
1.4140,2.8158,2.3200
1.0874,2.9408,1.9064
2.3710,2.0643,1.3999
2.9509,2.9260,1.5405
2.5331,1.6835,2.5536
2.5432,1.6370,2.7842
1.9928,2.3610,1.3803
2.6563,1.2445,1.5195
1.6022,1.8919,1.1494
1.2826,2.3493,1.1129
2.6697,1.8251,1.4003
1.3628,1.4335,2.8100
2.1213,1.5977,2.7953
1.8660,1.2368,2.9841
2.8507,2.3363,2.4476
2.7653,1.4258,2.4404
1.1833,2.8941,1.3168
1.8160,2.8234,2.2876
1.6617,2.4782,1.9615
1.0359,1.6005,1.6347
1.9650,1.4289,2.7922
2.4308,1.5011,2.1763
1.0730,2.5466,1.0011
2.1884,2.0981,2.6206
2.8284,2.6811,1.2254
2.6003,1.8680,2.8167
2.0299,2.0954,1.5358
2.0698,2.5660,2.6976
2.9607,1.0792,2.0323
1.3470,1.8967,1.0079
1.8300,1.2195,2.7846
1.6223,1.1637,2.8898
1.6433,1.1279,1.3916
2.2397,2.6710,1.3077
1.3512,2.9066,2.4774
1.9027,2.8035,2.9644
2.2196,1.4955,1.1098
1.5761,1.4863,1.6743
1.8690,1.7378,1.6731
1.4897,2.0683,1.3797
2.6241,1.6222,1.0707
2.2861,1.4786,1.3134
2.1500,1.9781,2.3389
1.3791,2.0238,1.8065
1.9359,1.8231,2.5648
2.8751,2.6267,2.4134
1.2673,1.6671,1.2824
1.2375,2.2260,1.2736
2.8390,2.0886,1.8363
1.4108,1.9696,2.7613
1.1567,2.7088,2.2246
1.9757,1.6325,2.6982
1.0964,1.8265,2.0404
2.5497,1.1841,2.8476
1.3162,2.1530,1.8104
1.0020,2.8309,2.5860
1.1903,2.6431,1.4653
2.9055,1.2902,1.0012
2.2494,2.8727,1.1776
2.2283,1.0304,1.0273
2.1311,2.9272,2.3582
2.6824,1.1802,1.3411
2.2635,2.6648,2.3387
2.9301,2.5941,1.7629
1.1050,2.4780,1.9792
1.4274,2.9151,1.8858
2.0536,1.4327,2.0773
1.8945,1.5464,1.0569
1.1084,1.7113,1.6142
2.9981,2.2844,2.0326
1.1406,2.5619,1.3208
1.9454,2.4451,1.3909
2.0089,1.0794,2.1946
1.4023,1.9988,1.7984
1.6780,2.8538,1.0240
2.8951,2.2922,1.5785
2.5747,2.2579,2.8959
1.0325,1.0643,1.7107
2.4003,1.4599,2.4819
2.2479,2.7365,2.8039
1.9326,1.3799,1.6334
1.9995,1.3801,2.0411
2.5615,2.1410,2.6870
2.5700,2.7276,2.2956
2.6407,2.1403,1.7231
1.7671,1.4112,1.1945
2.5927,2.8724,1.8590
2.3375,2.9918,2.8779
2.1041,2.9455,1.1438
2.0919,2.9051,1.4988
2.9094,2.3295,2.5923
1.2910,1.2246,1.4757
2.4167,1.4503,1.8135
1.3943,2.0516,2.3833
2.8053,2.1054,2.2063
1.8488,2.7345,2.8009
2.8760,1.8014,2.0857
1.1178,1.2324,1.9912
1.6941,2.6525,1.8275
2.9669,1.4216,1.9115
2.3969,2.6997,2.2743
2.3772,1.5611,2.6406
1.0940,1.8812,1.4932
1.9882,2.4382,1.1090
2.8430,1.9954,2.4298
2.2547,1.7838,1.2293
1.6979,2.1149,2.1397
1.4830,2.6539,2.7285
2.8956,1.9470,1.8224
1.4681,1.7939,2.6753
1.6315,1.6674,2.7210
1.8598,2.1357,1.7760
1.4972,2.5027,2.6233
2.8232,1.0057,2.7876
1.5736,1.6974,1.9030
2.6127,1.2524,1.0794
2.1358,2.0048,2.1335
2.8496,1.1419,2.5849
1.7992,1.1888,2.7859
1.4722,1.7286,2.6472
2.2755,1.5719,2.5733
1.3318,1.6047,1.0089
1.3999,2.9193,1.9325
1.4401,1.9967,2.2639
2.0935,1.0759,2.9229
1.0624,1.5373,1.2242
2.9505,1.0973,2.6127
2.7122,1.5328,2.0049
1.3501,1.1155,1.5999
1.0784,1.9210,1.2536
2.7085,2.9860,2.6212
1.8334,1.5148,1.3127
2.6963,2.6724,1.8578
2.8842,1.6139,2.5645
1.0707,2.2783,1.2889
2.0773,2.1026,1.5559
2.0126,2.2449,1.7095
2.7224,1.1051,2.4087
2.4585,1.2471,2.3759
1.0077,1.9154,1.5756
1.4814,1.1673,2.9056
1.8229,2.9391,1.2056
2.0603,1.7676,1.4225
1.4535,2.8699,2.6295
1.0044,1.5519,1.0414
2.7408,2.2600,1.0706
2.9358,2.1925,1.8298
2.7159,1.4437,2.3515
2.3116,1.8322,1.2162
1.3895,2.7327,1.7074
2.8689,1.7585,1.4524
1.7295,1.6390,2.8748
1.6446,2.2394,2.8379
1.1826,2.2144,1.3146
2.0531,2.7131,2.8071
1.1081,1.4502,2.1006
1.2528,2.7101,1.1426
1.8132,2.9857,2.9018
2.2061,2.6720,1.1371
2.5355,1.4750,1.2473
1.1070,2.7008,1.7900
2.6368,1.0903,2.4664
1.0276,1.8517,1.5172
1.7966,1.4589,2.2772
2.2130,2.1777,2.5002
1.3639,2.3926,2.8520
1.0550,1.7708,2.9479
1.8949,2.0264,1.5725
1.6976,1.6517,2.1110
2.8255,1.3292,1.7900
2.9128,1.7720,1.9540
1.1675,2.6280,1.3219
1.4464,2.5466,2.6668
1.9461,2.0127,2.6218
1.7166,1.2894,2.5939
2.0799,2.8190,1.4770
2.4842,1.4142,2.1877
1.7385,2.3413,1.5039
1.9611,1.1708,1.9778
1.4766,2.3876,2.8535
2.5217,2.5557,2.6237
1.1277,2.0727,1.5183
2.6093,2.5606,2.4053
2.4577,2.5614,1.9752
2.1298,1.4555,1.1628
2.7228,1.4409,2.0420
2.2934,2.8615,1.0562
1.7694,1.5477,2.5979
1.8583,2.1070,1.5416
1.2678,1.8264,2.9738
2.5531,1.1121,1.8003
2.6190,1.0014,1.5008
2.2815,2.7828,1.2986
1.4405,2.2330,1.9723
2.8530,1.7543,1.1402
1.1639,1.6625,1.0945
1.4306,1.0950,1.0108
2.9083,2.8839,2.7300
2.7621,2.2120,1.5643
1.5750,2.3714,2.6725
1.3660,2.2960,2.4749
1.1091,2.1146,1.4872
2.1192,1.9600,2.6519
1.5353,2.9418,1.7184
1.7428,2.6827,2.5184
2.0924,2.9264,1.4878
1.2736,2.8379,1.1663
1.3144,1.9626,2.5830
1.1435,2.6995,1.6706
2.9398,1.0551,2.8798
2.5582,2.2441,2.0611
1.1419,1.4974,2.0583
2.6749,1.8743,2.2737
1.7752,1.2178,2.6890
1.0400,2.5474,2.8395
1.5082,1.8662,1.8996
2.8721,2.0744,2.7834
1.1858,2.3192,1.9205
1.2879,1.5579,2.0270
1.2310,1.2149,1.1873
2.3026,2.7381,1.9837
1.9889,1.8305,2.5909
1.4101,2.2264,2.6527
2.6514,2.4224,2.5662
2.4325,1.7136,2.6360
2.7162,2.2980,2.5473
1.9320,2.8726,1.5813
2.1640,2.0385,1.8683
2.2914,2.1289,2.6795
1.9282,2.9967,2.3011
1.2255,2.1909,1.2996
1.4312,2.4142,2.3958
2.2678,1.3204,1.5236
1.5286,1.1096,1.7847
1.1411,2.0433,2.3297
2.0999,2.9588,1.2312
2.9677,2.2628,1.1957
1.6192,1.5006,1.9337
2.2607,1.6197,1.8315
2.6102,1.5459,1.3422
2.4858,1.1726,1.1511
1.1150,2.1362,2.3043
1.7570,2.9302,1.1478
1.7757,2.4926,1.9606
1.6673,2.9966,1.4052
1.3358,1.5256,1.5532
2.2308,1.7950,2.0610
2.2144,1.2465,2.7399
1.9792,1.3540,1.3143
2.0951,1.1600,2.5420
1.0969,2.5015,2.3487
1.4233,1.9436,2.5356
2.4637,1.1613,2.8088
1.4280,1.8702,2.0684
1.0956,2.1259,1.8622
1.3137,2.3348,1.3015
2.9126,2.6538,1.1749
1.0304,2.2620,2.7858
1.3334,2.1473,2.7982
2.3624,1.2324,1.5575
1.8778,2.8030,1.5834
1.7260,1.9460,1.7419
2.8857,2.4328,2.0951
2.1860,2.5872,2.1619
2.4295,2.2368,1.4812
2.8345,2.1490,2.1470
1.4481,1.9287,1.9549
2.3065,1.5864,1.7070
1.6693,2.6827,1.6886
2.1840,1.4740,2.4781
1.7767,1.4685,2.3804
1.1517,1.7462,1.7579
1.9297,1.6849,2.5870
1.6914,1.0714,1.8313
2.7339,2.9899,1.3105
1.9242,1.8771,1.3685
2.3132,1.8851,2.1352
2.9283,1.2903,2.5542
1.6395,2.1530,1.4499
2.8697,2.0095,1.8318
2.7697,1.5119,1.6189
1.8989,2.9966,2.6211
2.3239,1.8598,2.2084
2.6917,1.8953,2.4614
1.2619,2.8896,1.0147
2.3729,1.1783,2.9585
2.7916,2.4983,2.3020
1.3822,2.5376,2.3502
1.7365,2.7536,2.6443
2.5484,2.2020,2.9852
1.7225,2.8692,1.5159
2.5775,2.3512,1.5169
2.5943,1.9545,1.3937
2.5675,1.1388,2.9994
2.1772,1.6997,2.8854
1.6987,1.0198,1.6239
2.1478,2.7332,2.1923
2.4565,1.9518,2.7287
1.8157,1.4103,1.1279
2.5979,1.8911,1.5398
1.1538,1.1654,2.6733
1.4416,1.0137,1.3501
1.7020,1.3703,1.5405
2.2081,1.8382,2.4207
2.9286,2.6061,2.9771
2.2624,1.4212,1.5981
2.3372,1.2656,1.7766
1.7823,1.9180,2.6939
2.7775,1.0000,1.5156
2.1086,1.8774,1.1923
1.9495,2.3957,2.9233
2.7066,2.8670,1.3587
2.5171,2.7830,1.1776
1.1052,1.5327,2.7546
2.2667,1.7319,2.1261
2.5869,2.5048,2.3504
2.7161,2.7610,2.9387
1.8946,1.1085,2.6229
1.0056,2.3843,2.6387
1.3323,1.4478,1.3697
2.9508,2.8349,1.1238
1.7945,2.8676,1.5308
2.1369,2.7666,2.6268
1.2970,1.1915,1.5385
2.8488,2.7281,2.6821
2.2543,1.5577,1.9887
2.6171,1.1907,1.3107
2.1944,2.5793,1.5212
1.9841,2.9800,1.7411
2.8891,1.3180,2.3837
1.7261,2.8827,2.1073
2.4558,2.9521,1.3366
2.7923,2.3808,2.4436
1.2412,1.7246,2.3119
2.4122,2.4891,1.3143
1.9870,2.8606,2.9870
1.5895,2.7556,1.6053
2.5979,1.6424,1.4593
1.1125,1.0189,1.5786
2.8594,2.1236,1.2441
2.5068,1.5439,2.0894
2.6924,2.3581,1.4717
1.4084,1.8722,1.8979
2.3748,2.2269,2.4549
1.6943,2.9751,1.9582
1.9160,1.5894,2.6814
1.5671,2.1112,2.2303
1.1566,1.5840,2.0722
2.5008,1.8072,1.4391
2.7949,1.3945,1.3048
2.5342,2.4522,2.9199
1.4421,2.0171,2.7600
2.5030,1.5728,1.5376
2.9114,1.7534,1.7808
1.2617,2.5939,1.0913
1.5937,2.9684,2.3923
2.2347,2.0701,2.7274
1.1964,1.6466,1.2901
2.3925,1.4422,1.9300
1.9922,2.4119,1.0338
1.2585,2.4370,1.5706
2.5760,2.8264,1.1759
1.2686,2.5540,2.3352
2.9415,2.2145,2.0831
1.8267,2.5646,1.3430
2.3240,2.1595,2.9808
2.9906,1.6918,1.8167
2.9878,2.7817,1.1577
1.7924,2.8346,1.7845
1.1538,2.4102,1.1223
1.8282,1.7684,2.7049
2.1453,1.2228,1.0124
2.6614,2.2056,2.9480
1.0768,2.6449,1.8481
2.6650,2.6564,2.7530
2.9199,2.9839,1.8094
1.7171,1.5265,2.7838
2.3625,2.0523,1.0423
1.3617,1.3483,2.0334
2.7359,2.9246,1.3955
1.0024,2.6226,1.5774
1.5538,2.9102,1.7012
1.9258,1.7740,2.6623
2.3957,2.1472,1.8922
2.6103,2.1772,2.6485
1.4205,1.6709,1.4503
1.2048,1.2185,2.3380
2.5411,1.5438,2.8677
1.2120,2.7227,1.8223
1.9840,1.6948,1.3465
2.4488,1.7285,2.9338
1.7337,1.9835,1.6355
1.0439,1.1598,2.1018
1.2945,1.0316,1.3880
1.5396,2.1580,1.4630
1.7369,2.3429,1.8104
1.6772,2.1375,2.6959
1.5203,1.8284,1.6515
1.9413,1.5739,2.6130
1.8553,2.1657,2.1561
2.8092,1.3572,1.1011
2.0816,2.4406,2.7818
2.5006,1.6278,1.7494
2.7767,1.6426,2.9692
1.0466,2.4041,1.2870
1.0631,1.1255,1.6759
2.1080,2.1980,2.7939
1.2619,1.8107,2.7690
1.1890,2.0617,2.2028
2.9399,1.3192,1.6396
2.9320,1.1139,2.7069
2.2389,2.4026,1.9049
2.8763,1.2338,2.7992
2.7761,2.9297,1.0352
1.4432,1.1003,1.4395
2.3871,1.6063,1.8368
2.6290,1.5744,2.5525
2.4812,1.8212,2.4971
1.7723,1.2098,1.1642
1.1303,1.1547,1.3141
1.2893,1.7180,2.0799
1.4599,2.7223,2.1606
1.0772,1.9622,1.3575
1.1118,1.6213,1.4473
1.6603,1.6064,2.8526
2.0411,1.1611,1.0317
1.5433,1.1679,2.8763
2.6857,2.5753,2.7603
2.7484,2.8242,2.2398
1.4466,1.7089,2.6187
2.4019,2.9849,2.5570
1.7331,2.3387,2.7072
1.4231,1.0824,2.1592
2.7386,2.8128,2.2544
1.9196,2.1439,2.0630
1.2027,2.4873,1.8531
1.5447,2.0331,2.4638
1.1789,2.7980,2.1553
1.7033,2.4725,2.7139
2.1735,2.9490,2.9423
2.6449,1.4489,1.8578
1.7418,1.2467,2.1969
1.8551,1.8617,1.8569
1.9492,2.5812,1.4162
1.1029,1.4686,1.6162
2.1393,2.8863,1.6284
1.5270,2.6357,1.9698
2.7229,1.4447,2.5926
2.4238,2.0890,2.6725
1.6509,1.3669,1.5056
1.2443,2.9262,1.1364
2.6850,2.6423,1.6820
1.7053,1.3721,2.7406
1.2922,1.8642,1.4921
1.0029,1.0944,2.7934
2.0990,1.5543,2.0911
2.6687,2.9441,1.0574
1.4154,2.3128,1.8577
1.5924,1.5088,1.7205
1.8344,2.5760,1.0518
1.7359,1.2727,2.0561
2.7032,1.2555,1.9988
1.8563,2.0537,2.1288
1.1172,2.0545,1.5155
2.5473,1.9455,1.8241
1.6972,1.7909,2.6136
1.6740,1.6338,2.4028
2.8510,1.0169,1.4619
2.0463,1.7049,2.5533
2.5004,1.9057,1.7799
1.3322,1.6318,1.5579
2.7591,2.5002,2.3029
1.7955,1.3561,2.3545
2.0952,1.5984,1.6192
2.6540,2.7913,2.7996
2.8113,1.8143,2.8931
1.5449,1.8251,2.7881
1.8407,2.6330,1.9728
1.7581,2.3146,1.7044
1.9269,1.9112,2.8148
2.2366,1.6251,2.2526
2.1446,1.5044,2.5719
1.6495,1.1034,2.4904
1.7783,2.1800,2.0642
2.6106,2.7796,1.9783
1.0456,2.2555,1.5551
2.9728,2.0152,1.6046
2.6759,1.4543,2.0430
1.3653,1.8558,2.7858
2.5055,1.1523,1.8649
1.2076,2.7704,1.4265
1.9732,2.7896,2.8471
1.4333,1.1736,1.0028
2.5711,1.9094,2.0526
2.3481,1.7138,2.2725
1.2098,2.6607,2.2440
2.3447,2.4900,2.9673
1.2550,2.1469,2.3245
2.6767,1.0237,2.0835
2.2941,2.6255,2.4436
2.8822,1.4946,1.4052
2.9746,1.0717,2.2836
1.6293,2.1544,2.1850
1.4326,1.2170,1.7930
1.2712,2.3080,1.6312
2.6953,2.9912,1.7522
1.9477,2.3110,2.3365
2.2214,1.8505,1.8627
2.0034,2.8409,1.0035
2.5446,1.2018,2.3035
2.3206,2.5761,2.9150
2.3428,2.8689,2.0439
1.0559,2.3483,1.3524
2.5947,2.0367,2.6886
2.5415,1.9423,2.5321
1.6486,2.5020,1.7367
2.7491,1.8073,1.2074
1.7549,1.4160,2.2151
1.8434,2.9543,1.6371
1.0597,2.4773,2.4873
1.7759,1.8471,2.5619
2.2725,2.1100,2.3108
1.5189,1.9205,2.7353
1.6770,1.2943,1.0173
1.0387,1.8788,1.6451
2.2095,1.1084,2.0075
1.1930,1.7288,1.7343
1.7720,1.7650,2.9928
1.8467,1.7991,2.7099
2.4443,2.9823,1.8784
2.1904,2.1862,2.6270
1.9149,1.3196,2.5875
1.7549,2.1842,2.2003
2.2416,2.9336,1.0880
1.3201,1.4959,1.2316
1.3969,1.7940,2.4269
2.8666,2.2425,1.8277
2.2403,2.3432,1.6422
2.1020,1.0010,1.0299
2.3184,1.9361,2.3315
1.7750,2.9621,1.0624
1.8295,2.0638,2.6706
1.9650,1.6397,1.2818
1.2379,2.7114,1.4337
1.4856,1.8674,2.3409
1.3111,2.4447,1.6298
1.2734,2.6968,2.5374
2.1150,2.6322,2.6997
1.6398,1.5885,1.8895
1.9961,2.1350,2.6866
1.1690,1.3808,1.4329
2.4329,1.8042,1.6692
2.1497,1.0524,1.4835
1.4351,2.0784,1.2207
2.1654,1.5171,1.2242
2.8465,1.1555,2.3087
2.9611,1.5209,1.6878
2.3532,2.7967,1.3796
2.1917,1.2180,2.9004
1.4783,1.4007,2.2770
1.0722,1.9274,1.1671
2.5422,2.0510,2.9278
1.3527,2.7784,1.9135
1.0731,2.6972,1.6150
1.1703,1.0071,1.5074
2.9566,2.2787,2.2497
1.0593,1.2395,1.5737
2.6212,2.6586,2.8946
2.2842,1.5672,2.6546
2.5659,2.8208,2.2961
1.3796,1.0758,1.9783
2.7752,1.4189,1.2021
1.7080,2.9126,2.5573
1.1354,2.8887,1.5118
2.4708,1.2806,2.9814
2.4070,1.7785,2.9805
1.1147,2.9156,1.8906
1.0404,1.4605,2.3351
1.7738,1.7616,1.1530
1.9942,2.1120,1.7186
2.2583,1.5171,2.8397
2.4595,1.8562,1.7304
2.2891,2.4044,1.9433
2.1718,1.6821,1.7493
2.9538,2.5419,1.8412
2.8549,1.6096,1.3978
2.6961,2.4221,1.3319
2.7494,2.2792,1.0085
2.1275,2.6323,1.9065
1.5095,2.4346,1.7960
1.3433,1.6814,2.1348
2.7695,2.6933,1.5058
1.6473,2.8323,2.6926
1.0800,2.5811,1.9213
1.2019,1.5798,2.8314
1.7710,1.4259,2.4707
2.3693,1.8914,1.8397
2.6129,2.6781,1.9077
1.7683,2.7462,1.2906
2.3207,2.2625,1.6653
2.3788,2.7167,1.2621
2.2803,2.2858,1.9409
2.5907,2.3475,2.0918
2.0892,2.8515,1.1882
2.7595,2.5632,1.0550
1.2114,1.8047,2.7244
1.6094,1.1052,2.2745
2.2752,2.2726,1.2510
2.3860,1.5326,1.4719
2.2261,1.1387,1.7952
1.8217,1.2604,2.2966
2.0159,1.7297,2.8651
2.2189,2.7421,2.0333
1.0216,2.5621,2.3502
1.9165,1.6750,2.7411
1.5748,2.9649,2.1563
1.3668,1.1282,2.2374
2.4204,2.6120,2.9329
2.4701,1.0135,2.8837
2.5609,1.7657,1.1114
1.7890,2.2646,2.5797
2.6556,2.5082,1.3172
1.0574,2.5254,2.6170
1.2062,1.0259,1.9607
1.9239,1.8060,1.6220
2.3533,2.5971,2.2376
1.2017,2.3300,2.4276
2.8199,1.2213,1.1137
1.7595,2.2050,2.7115
1.8634,1.6221,2.2303
1.4735,1.3051,1.1274
1.9342,1.8724,1.5907
2.9018,2.2083,2.6098
2.8989,2.2428,1.7834
2.2432,2.6884,1.8674
1.3739,1.5951,2.2315
1.0515,2.3008,1.7781
2.0623,2.1583,1.2377
2.6071,1.3261,1.5943
2.5023,2.6742,1.6113
2.9653,1.7459,2.3472
2.7681,1.4297,2.4362
2.8222,2.1334,1.5572
2.2389,2.7481,2.5581
1.4554,2.1611,2.9128
2.3173,1.1592,2.9909
2.2254,2.7837,2.7342
2.0909,1.1546,1.4408
2.2735,2.6728,1.2058
2.4324,2.5482,2.2141
1.0566,2.8987,2.1170
2.4052,2.7628,2.9849
1.8279,2.6073,2.4196
2.4361,2.5392,1.2594
2.8676,1.0880,1.6805
1.3228,1.7058,2.2743
2.5990,1.4069,2.5178
2.4314,2.7428,2.8214
2.2675,2.0669,1.5585
2.5053,1.3259,2.8080
1.8469,1.9991,2.1949
1.3431,2.1545,1.8628
2.6437,2.7842,2.4576
2.6033,2.8609,1.0087
2.7449,1.1992,2.3351
1.4791,1.2867,2.2706
2.1933,2.9942,1.6643
2.6495,1.9229,1.4172
1.4281,2.8974,1.7869
1.3965,1.7739,1.0851
2.1082,2.0381,2.1336
1.0854,2.6587,2.9550
2.6106,2.7527,1.0647
2.2829,1.2509,2.0046
2.0819,1.7255,1.0959
1.9674,2.6339,1.1050
2.4036,2.9150,1.1943
1.8124,2.3626,1.2349
1.4390,1.1629,1.3779
2.0485,2.9423,1.6290
1.7589,1.8930,1.3300
1.4888,1.1319,1.4365
1.1362,1.1274,1.2069
2.8964,1.8198,2.5359
1.5641,2.1070,2.0049
2.8599,1.5946,1.5165
2.6444,1.1642,2.6500
2.9805,2.1300,2.4086
2.8339,1.8914,2.9127
2.6674,2.6027,1.3172
2.2908,1.9644,1.0397
1.7539,1.4873,2.9142
2.6672,1.7526,2.9764
2.9915,1.0076,2.8744
2.0284,2.7804,1.7467
1.1503,2.4978,1.3472
2.6845,2.5433,2.1229
1.7550,1.0494,1.8484
1.7956,2.6467,2.4798
1.6340,1.6233,1.3901
1.5118,1.8792,2.6608
1.5729,2.7137,1.9766
2.6374,2.9930,2.9336
1.9632,2.5115,2.9320
2.5413,2.6015,1.4529
2.8626,2.0597,1.9519
1.5841,1.8740,1.0456
2.1667,1.2855,2.7421
2.6824,1.3817,2.1739
2.3757,2.0805,2.0000
2.9175,2.4866,2.3881
1.8839,1.2492,1.0760
1.1019,2.6681,1.8633
2.8686,1.5255,2.6123
1.9005,2.9040,2.2914
1.1793,2.7405,2.8763
1.0619,1.0870,1.7114
1.4977,1.2968,2.3826
2.3077,2.0318,1.1796
2.2210,2.4517,2.1333
2.8734,2.1454,2.5545
1.7079,1.5251,1.7046
2.1654,2.6701,2.2970
1.7988,1.4371,2.1802
1.7178,2.6162,2.9138
1.8749,1.2371,2.2056
2.9956,2.2700,1.5143
2.5573,2.2409,1.2269
2.6260,2.3474,1.5743
1.7723,2.6477,2.2223
2.5539,1.4765,1.2239
1.0345,1.1040,1.2709
2.2602,2.3961,1.6803
1.0484,1.5375,2.3710
1.5629,1.8754,2.4710
1.1189,1.0447,1.6768
1.3074,2.3734,1.1148
2.3355,1.9255,2.3193
1.2642,1.4966,1.4123
2.3795,1.7618,2.1764
2.2755,2.6708,2.5347
1.3514,1.2993,2.2364
2.7460,1.5711,1.9542
1.8694,2.7675,1.8193
1.2701,2.8465,1.8473
1.4176,2.0367,2.0802
2.9527,2.8014,1.9968
1.4707,2.9371,2.4894
2.9364,1.8659,2.1442
2.1794,1.3330,2.8741
2.0398,1.9760,2.0907
2.6202,2.7458,2.0050
1.1647,1.1159,1.1497
2.0025,1.9436,2.4328
2.3125,2.1437,2.5162
2.3460,2.8687,2.5321
2.3894,1.1567,2.0922
2.5085,1.3564,1.6156
2.3696,1.7593,1.7976
2.9443,2.5272,1.0655
1.3477,2.0279,2.5762
2.0227,1.6300,2.1168
1.2711,2.2263,2.4954
2.3377,2.9951,2.0719
1.0226,2.5904,1.5080
2.3250,2.0623,1.0480
2.5596,1.0779,2.7464
1.1843,2.0129,2.0373
1.1581,2.8645,2.4216
2.0252,2.1021,1.1227
2.7854,1.6792,2.4745
2.1416,1.5109,1.6261
1.2134,2.6170,2.6535
2.1312,2.4685,2.1240
1.8225,1.7751,1.4518
2.3423,2.0018,1.4325
1.9137,1.5521,1.7311
2.9325,2.3166,1.5153
2.7083,2.4728,2.4629
2.1003,2.2835,1.8954
2.6603,1.3771,1.0692
2.1909,1.4650,1.5521
2.9985,2.3157,2.7101
1.1414,2.6755,2.8450
1.9769,1.7429,2.6079
2.8139,1.2000,1.0555
1.7059,1.9944,2.2939
2.2403,1.9168,1.3653
2.8976,2.6006,2.3813
1.6785,2.9718,2.1294
1.7688,1.9347,2.1140
1.0478,2.0638,2.1808
2.7448,2.8679,2.1701
2.0793,1.4240,1.5352
1.7000,1.5137,2.8569
2.1015,2.2526,2.6129
1.0968,1.4662,2.3709
2.3969,2.6223,1.1806
1.5714,2.9767,1.8718
2.5428,1.0291,2.3030
2.9120,1.7665,2.0073
1.0108,2.0997,2.2374
1.8136,1.2638,1.6844
2.8982,2.0982,2.3616
1.7547,2.2750,1.4069
2.2267,2.3850,2.7696
2.4456,2.9003,2.6559
2.4331,1.8094,1.3787
2.8591,2.9911,1.4908
2.0461,2.0562,1.4389
1.2949,2.8654,2.8691
1.0517,2.4689,2.8181
1.3706,2.2877,2.8447
1.9717,2.0392,1.8448
2.5300,1.9279,2.7072
2.4890,1.6577,1.7181
1.5197,1.3907,1.7860
1.7276,1.8662,1.3657
1.3976,2.3191,1.7878
2.6313,2.1350,2.3356
1.7143,2.5788,1.4918
1.7649,2.9172,2.9850
1.4438,2.8132,1.9240
2.1995,1.6188,2.3945
2.5741,1.0732,1.9212
1.7307,1.2837,2.5191
2.6936,1.2937,1.6103
2.7453,2.7624,1.9379
1.7857,1.2584,2.7417
1.6984,1.8284,2.9076
1.2748,1.7064,1.1590
2.9332,2.9809,1.4338
1.3249,1.3492,2.7626
2.8865,1.2575,1.7827
2.7934,2.9367,1.0679
2.4197,1.4355,2.7468
1.0677,2.9130,1.4787
1.8416,1.5780,2.4044
1.4022,1.5917,1.4533
1.2942,2.4421,1.8639
2.1041,2.7583,1.2484
2.6118,2.1844,1.2282
1.9532,2.9332,1.4587
2.0032,2.8513,1.8503
1.1751,2.6177,2.3533
1.3123,2.9960,1.8693
1.8814,2.2741,2.4328
1.9620,1.5296,2.4114
2.5629,2.7800,1.7321
2.6614,2.5666,1.0304
2.5434,1.0401,1.3670
2.6392,1.9748,2.6503
1.4998,1.3708,1.5318
2.5632,1.8886,1.0810
2.6154,1.3928,1.5944
2.8046,2.3126,2.1354
1.6974,1.3295,1.7879
2.6163,2.7368,2.4087
2.8552,2.8220,2.0723
1.8419,2.4430,2.2301
2.9537,2.3021,2.5205
1.5502,2.8282,2.4052
2.0410,1.4364,2.7070
1.5530,1.9464,2.7883
2.9603,2.6419,2.3290
1.0214,2.8156,1.0070
2.2227,1.8157,1.1249
1.7179,2.5086,2.7801
2.4122,1.5073,1.1658
2.9440,2.1942,1.0810
1.5561,2.2379,2.0560
1.8282,1.0865,1.1908
2.3111,2.6442,2.3908
2.5884,2.5646,1.6261
2.9371,2.8494,2.0654
2.8695,2.8111,2.6200
2.9592,1.8593,1.4330
2.0510,1.3800,2.7543
2.4141,2.9250,1.7563
2.8076,1.7141,2.4122
1.5555,1.4190,1.4297
2.3756,1.3003,1.7252
2.9277,1.7431,2.7626
1.5212,2.7641,2.8589
1.5339,2.6481,2.0639
1.6072,1.5791,2.9234
2.3119,1.8028,1.8605
1.3204,2.4088,1.0433
1.8263,2.8587,2.4906
2.3605,2.5320,1.6023
1.6891,1.1179,1.3495
1.9078,2.8498,2.2290
2.0836,2.4013,2.7164
2.1077,2.0655,1.4601
1.3994,1.1452,1.4900
1.6622,1.6101,2.3523
2.5575,2.1148,2.0932
2.3193,2.4876,1.6719
2.4290,2.5389,1.2301
2.4618,2.6070,1.1350
2.8214,2.7363,2.6854
2.8385,2.3820,1.8709
1.9352,2.3716,1.7139
2.9169,1.9059,1.6119
1.8016,1.9413,1.1891
1.4250,2.1923,1.7512
1.9139,1.7198,1.1377
2.8417,2.6043,2.4567
2.6923,1.5960,1.8093
1.2717,1.3495,1.4623
2.3162,1.5861,1.4037
2.0744,2.8866,2.3870
2.2445,1.5353,2.0420
1.4822,1.2635,1.7694
1.9894,2.0151,2.7178
1.3374,1.1857,1.1445
2.6481,2.7193,1.6615
2.9905,2.3137,1.0733
2.7078,1.9545,1.7898
1.7348,2.6050,1.0721
1.7660,1.9754,2.3810
1.2082,2.0861,1.8158
1.2511,1.9269,2.6140
2.6944,1.2782,1.1454
1.8332,2.6985,1.6292
2.8075,2.5405,1.5410
2.0004,1.8965,1.9456
1.6867,2.1792,1.4677
1.9011,2.8609,2.6809
1.4781,1.5329,1.9380
1.8441,2.8516,2.5329
2.8939,1.0514,2.7016
1.2828,1.4744,2.9813
2.2389,1.1764,2.5615
2.3196,2.5700,1.9275
2.1490,2.5802,1.6835
2.0505,1.2508,2.9180
1.9456,1.8926,2.6068
2.8653,1.7953,1.2653
1.9293,2.7166,1.5571
2.2347,2.6214,2.5269
1.0006,2.6862,2.1115
1.8158,2.6232,2.7960
2.9662,1.1403,2.1599
1.7945,2.5076,1.6559
1.9553,1.1714,1.2606
2.3471,2.2822,1.1385
2.1165,2.2554,2.1143
2.6568,2.2735,1.9655
2.6898,1.1839,1.0938
2.9610,2.6911,1.2443
1.5450,1.8242,2.0938
2.1595,1.1442,2.8113
1.1588,1.4313,2.8428
2.2985,1.1837,1.8789
1.9792,1.3671,1.0782
2.0920,2.0436,1.5311
1.3150,1.5691,2.3714
2.0780,2.6145,1.0623
2.8216,1.7997,2.0604
1.1904,2.2775,1.9513
1.7502,2.3284,2.7486
1.7797,1.6951,1.3582
2.2460,1.4226,2.6274
1.4206,1.7866,1.0307
1.8399,1.8841,1.8535
2.3296,2.8553,2.1612
1.0494,1.3478,1.1190
1.6800,2.7894,2.4743
2.7340,1.5167,1.0918
1.4869,1.1854,1.2034
1.0007,1.7162,2.6510
2.6440,2.5588,1.8808
2.4041,1.8052,1.7986
2.8937,2.0875,2.3864
1.6956,2.6523,1.1911
1.4067,1.7975,2.5263
1.1405,2.0811,1.7093
1.8245,1.1475,1.7436
1.5224,2.8014,2.0913
2.2893,2.6248,2.2411
2.3863,2.6826,2.9977
1.5511,1.4387,1.8437
2.2357,1.5054,2.0013
2.7316,2.5357,2.0031
1.6016,1.6627,1.8145
2.9407,2.9753,1.2734
2.8566,2.2027,1.9301
2.5376,1.8629,1.8481
2.9717,1.0429,1.0017
2.4129,2.3590,1.9676
1.1352,2.4716,2.3694
2.9081,2.2481,1.4909
2.2019,2.4414,2.7151
1.7028,1.7940,1.1066
1.6551,2.2903,2.8583
2.6770,2.4221,1.6508
1.3898,1.9679,2.0583
1.0136,1.5946,2.0558
2.8075,2.5465,2.1422
2.9538,1.1959,1.4967
1.0184,1.6401,2.5094
1.0894,1.0702,2.3990
2.3241,2.6078,1.1677
1.9821,1.9801,1.8486
2.4855,1.2645,2.9208
1.4963,1.2413,2.4986
2.8372,2.8502,1.5553
1.4378,2.3805,2.8200
2.2646,2.7132,2.1741
1.9759,1.2291,1.2154
1.0195,1.4417,2.9047
1.6209,2.4563,2.4342
1.7882,1.8387,1.1942
1.1171,2.3559,2.4283
2.2578,2.3950,1.3129
2.0335,2.0832,1.4166
1.4502,1.8851,2.9589
1.7897,2.0036,2.8184
1.5292,1.9217,2.8235
1.6924,1.5287,2.8421
2.7421,2.1888,1.3813
1.7954,1.1011,2.0159
2.1719,2.4662,1.1749
2.1898,1.8235,1.6078
1.4730,1.2017,1.5018
1.0112,2.7442,2.6547
1.5799,2.4411,1.1797
1.9937,2.8089,1.8056
1.2625,1.4317,2.2950
2.9358,2.9010,2.1415
2.5052,2.6540,1.3411
2.7712,2.8375,1.9846
2.0565,1.7592,1.5776
2.9986,1.4142,2.0158
2.6089,1.6863,1.9020
1.6213,1.0251,1.0217
1.2827,1.7751,1.9980
2.2484,2.5833,2.6645
1.1813,2.0774,1.4204
1.0194,2.6784,2.8600
1.4456,1.2745,1.8958
1.1114,1.4979,2.8500
2.5394,1.0637,2.1812
1.0053,1.0644,2.7282
1.4534,1.8521,2.9367
1.7954,2.9850,1.0215
2.5067,1.8376,2.2748
1.6864,2.0398,2.6202
1.7771,2.6609,1.8613
1.6102,2.5486,2.7019
1.5984,1.8151,2.0166
2.4806,2.2279,1.7920
1.6615,2.8292,2.4313
2.9883,2.9984,1.3763
2.0561,1.2408,2.5270
1.6929,2.4041,2.8260
2.0371,2.7737,1.7103
1.3088,2.6011,1.2558
1.7162,2.6074,2.7574
1.9939,1.5479,1.4120
2.5301,1.7050,2.1880
2.7641,2.5335,1.0509
1.8463,2.8293,2.0214
2.1615,1.6170,2.4171
1.0197,2.9889,1.9385
1.4560,1.1784,2.4598
2.5465,1.8894,2.1796
1.0515,2.5202,2.0370
1.5650,2.7105,2.9952
1.6664,2.3739,1.4624
2.0874,1.7596,1.0259
2.1770,2.9904,1.8696
1.2022,1.7801,1.4331
1.8225,2.1156,2.7078
1.6465,1.8020,2.1360
2.5056,2.1027,1.6007
2.1109,2.2283,1.2697
1.0576,1.4019,1.2932
2.3014,1.5670,2.4653
1.1258,2.0346,2.6588
2.9492,1.9568,2.2232
1.4703,1.9308,2.0542
2.8559,2.9313,1.3196
2.2843,1.3315,1.6757
1.7829,1.1412,2.6162
1.1895,2.1704,2.1204
1.0960,2.8558,2.9743
2.9659,1.4211,1.8792
2.9608,1.7287,1.2643
1.1808,1.9671,1.9398
1.4135,1.6956,2.1788
1.6637,1.4066,2.6473
1.5347,1.0278,2.0639
2.3583,2.2975,1.2318
2.3843,1.9540,1.0599
2.2777,1.2790,2.3726
1.3786,1.2596,2.1685
1.0188,1.0337,1.4046
2.8514,2.6524,1.5241
1.1865,1.5983,1.5087
1.0308,1.1165,1.1445
1.8709,1.6607,2.8545
2.3378,1.0706,1.1615
2.4492,2.4251,1.2165
2.4641,2.8756,2.2963
1.0071,1.7723,2.2637
1.2040,2.5170,2.8639
1.8262,1.8265,2.3799
2.4841,1.4132,2.4762
2.0486,1.8666,1.5224
1.8621,1.9973,2.8981
2.8460,2.6293,1.9237
2.2617,1.5913,1.1230
1.3916,2.4747,2.2234
2.5740,1.1802,1.0105
1.5006,1.2638,2.3516
1.6243,1.9167,1.0164
2.9955,2.9740,1.8105
1.8862,1.8901,1.2921
2.3174,2.5182,2.2052
1.1636,1.1172,2.2949
1.4696,2.5796,1.4142
2.5905,1.5149,1.9937
1.5337,2.8137,1.7550
2.9609,2.3357,1.6489
2.3577,2.9452,1.1602
1.2512,2.1725,2.2580
2.8910,2.2169,1.6476
1.7871,1.0147,2.2877
2.4606,2.5738,2.3167
2.8020,2.2604,1.8221
2.1706,1.8172,2.4598
1.0047,1.2210,1.2680
2.7995,1.8037,1.0249
1.4908,2.0984,2.1454
2.0070,2.3319,2.1572
1.0808,1.1597,1.0829
2.3956,1.5247,1.5575
1.5404,2.7737,2.1301
2.7445,1.8366,2.3015
1.6122,1.9279,2.0252
2.4239,2.9737,2.0603
1.2898,1.0140,2.6259
2.1437,1.3754,2.5215
2.0735,2.1820,2.7750
1.5001,1.9712,2.5509
1.2976,2.9361,1.2513
2.5979,2.8711,2.2403
2.1163,1.3222,2.9009
1.8636,2.7790,1.5873
1.9122,1.8571,2.7114
1.1853,2.2333,2.9399
1.1782,1.0414,2.5245
1.0495,2.3991,2.4640
1.1515,2.0057,1.7555
1.3608,1.8533,1.3520
1.4083,1.6441,1.2662
2.2691,1.5761,2.0530
1.3861,2.9338,2.1953
1.3848,2.7790,1.8757
1.4674,1.4077,2.7696
1.1720,2.0277,1.4812
1.2819,2.7030,1.9896
1.6857,1.7791,1.2539
1.6348,2.4438,2.5993
2.9202,2.5010,1.7177
1.7346,1.5111,1.3033
1.2727,2.2326,2.0807
2.8326,1.0060,2.1119
1.5754,1.1339,2.8446
1.1147,1.3201,1.6613
2.0423,2.3233,2.0651
1.6729,2.0033,1.0184
1.6885,2.3026,1.2928
2.0437,1.2648,1.8435
1.3625,1.3700,1.1430
2.4416,2.5927,2.7897
1.6757,2.6408,2.6466
1.1344,1.1419,2.0037
1.6729,1.2913,2.5060
1.0487,2.1582,1.7987
2.0753,1.2429,2.7576
2.6534,2.1211,1.6468
1.0060,1.1804,2.4116
1.4094,1.7271,1.1525
1.1028,1.1968,2.8522
2.9022,2.9682,1.5620
2.3099,2.7583,1.2350
1.4634,2.9331,1.5333
1.0545,1.5372,1.0811
2.2633,1.5322,2.5832
2.2490,1.0757,2.6474
2.0951,2.9998,2.0513
2.0605,2.4730,1.5268
2.3208,1.0270,1.1383
1.7573,2.2498,1.0266
1.5899,1.9063,2.1061
2.4437,2.3139,2.0747
2.2407,2.7230,2.9461
1.0390,2.2535,1.2528
2.9391,2.8854,2.5588
1.5171,1.9034,2.7460
1.6833,1.0656,1.9367
2.9378,1.8113,1.8913
1.3045,1.7152,1.1381
1.0337,1.5681,2.1037
2.9206,1.9506,1.4921
2.6368,2.3134,2.4325
2.2559,1.8811,2.9331
1.7035,2.5963,1.1646
2.5462,1.9117,1.4455
2.5068,2.3227,1.7388
2.0184,1.6193,2.0718
1.1990,2.0871,1.8826
1.1866,1.3131,2.9257
2.5835,1.7306,2.1350
2.8945,1.0962,1.2392
1.8945,2.6427,2.7206
1.9658,2.2907,2.0967
1.6352,2.9057,1.6872
2.2719,1.5327,1.5588
2.2192,2.8235,1.0820
1.1215,2.1482,1.1182
1.0737,1.2859,2.1283
2.1834,2.9567,2.5430
2.9510,2.5485,1.4515
1.1355,1.1901,2.2411
2.0614,1.7776,1.6174
2.2566,1.4414,2.3127
1.0367,1.6924,2.9734
2.0173,2.5607,2.8495
1.0883,2.0563,2.0607
2.0702,2.1889,2.0904
2.5995,2.0166,2.8989
1.9652,2.5596,1.4793
1.0168,1.4030,2.0775
1.4284,1.6188,2.0939
1.6758,2.2705,2.8378
2.5330,1.1170,1.3621
1.1363,2.0649,2.8572
2.8742,1.7453,2.3869
1.9238,1.8058,1.0780
1.6401,1.6354,2.8864
1.1224,1.2936,1.1355
1.8764,1.5542,1.9873
1.0527,1.3719,2.3655
2.2897,1.2467,1.5162
1.9584,2.1944,1.3053
2.5629,2.8387,2.5913
2.0482,2.8933,2.4893
1.6990,2.6782,1.1695
1.8622,2.3096,1.2848
2.6112,2.0071,1.6402
1.3999,2.9784,2.7731
2.6917,1.3898,2.8355
1.0439,2.4637,2.1792
1.9681,2.7461,1.1378
2.4866,1.6673,1.1477
2.6709,2.4148,2.2982
1.7316,2.8128,2.0011
2.4371,1.1031,1.6219
2.0345,2.5007,1.8646
1.2628,2.4289,1.2315
1.3120,2.2704,2.7563
2.8546,2.5489,2.9992
1.1347,2.3751,1.1069
1.8087,1.9701,2.6464
2.6647,1.5230,2.0554
1.5711,1.8835,1.5703
1.6936,1.8463,2.7632
2.2876,2.4445,2.6968
2.8098,2.6998,1.0760
2.2567,1.4719,1.5079
2.3823,2.5555,1.4551
1.9590,2.5812,2.1839
2.8402,2.4308,2.1818
2.6751,1.2247,1.2893
1.1673,2.2715,2.5395
1.0452,1.3342,2.7561
2.7775,1.5030,1.7925
2.9957,2.9854,1.1462
2.3215,1.6798,1.2582
2.1080,2.8812,2.7580
2.4691,1.6162,1.2039
2.4626,2.5396,2.4611
2.4521,2.4942,1.4642
1.4259,2.3333,1.9626
1.9333,1.8450,1.9744
2.7927,2.3349,2.2212
2.5286,1.7295,2.4280
2.6411,2.0413,1.0037
1.6650,2.3262,1.2196
1.5458,1.1763,1.1375
1.1540,2.0426,2.1108
1.2195,1.9766,2.2314
1.3292,2.4243,1.7011
2.8908,1.6623,2.8386
2.3943,2.9365,2.9908
2.8571,1.5618,1.9211
1.9981,1.1623,1.9472
2.6865,1.9277,1.6741
1.3663,2.3185,2.0346
1.8640,2.5403,1.2962
2.6294,1.0661,2.8086
1.6011,1.3826,2.0882
2.4808,2.4128,1.7339
2.7733,2.9999,1.6597
1.8356,2.7293,2.8337
2.1156,2.5662,1.2716
2.7492,2.3503,2.2555
1.9435,1.5028,1.0809
1.1622,2.3899,1.6354
2.6857,2.9797,2.8568
1.8810,1.8955,1.7064
1.7644,1.4238,2.5485
2.0686,2.5974,2.0271
1.0833,1.8174,2.7879
2.0382,2.7121,2.2707
2.2259,1.0643,2.2727
1.5985,2.6539,2.1214
2.9925,2.8866,1.1815
1.0569,1.3352,2.5501
1.0703,2.8816,1.9108
1.3292,2.9292,1.8135
1.3071,2.6867,1.9862
1.7069,1.5864,2.8236
2.5271,1.2632,1.8884
2.6062,1.3771,2.1099
2.2560,1.6124,1.5574
2.1340,1.5521,2.1384
1.7145,2.6754,2.7029