Part1_E,Part3_E,Part7_g1,Part7_g2,Part7_g3,Part7_p1,Part7_p2,Part7_Lofl,Part7_smax,Pressure,Inner_Radius,Outer_Radius,Part7_activation
1,1,1.17,2.3,2.29,1.19,1.8,1.51,1.76,0.015,1.25,1.75,2.21
1.87,2.22,1.1,2.18,2.13,1.71,2.3,1.39,1.66,0.015,1.25,1.75,1.68
1.47,2.11,2.49,2.49,1.17,2.19,1.89,1.89,1.7,0.015,1.25,1.75,2.42
1.01,2.36,2.37,1.46,1.27,1.98,1.42,2.33,2.49,0.015,1.25,1.75,1.76
1.84,2.06,1.84,2.11,1.2,1.93,1.28,1.63,1.89,0.015,1.25,1.75,1.76
1.43,1.83,1.55,2.31,2.19,1.45,1.85,2.38,1.81,0.015,1.25,1.75,1.23
2.08,2.24,2.17,1.57,1.04,1.13,2.27,2.22,1.71,0.015,1.25,1.75,1.73
1.46,1.21,2.33,2.27,1.34,1.04,2.29,1.88,1.9,0.015,1.25,1.75,1.84
2.01,1.4,2.21,1.38,1.32,1.01,2.21,2.5,1.05,0.015,1.25,1.75,1.51
2.05,1.92,1.36,1.41,1.14,1.71,2.43,1.97,1.82,0.015,1.25,1.75,1.35
2.06,1.27,1.79,1.55,1.6,1.38,2.1,1.44,2.14,0.015,1.25,1.75,1.47
1.24,2.17,2.01,1.67,1.84,1.09,1.24,1.29,2.13,0.015,1.25,1.75,1.37
2.04,2.05,1.66,1.05,1.04,1.59,1.98,1.42,1.64,0.015,1.25,1.75,1.74
2.49,1.31,1.41,1.13,1.36,1.73,2.05,1.37,1.95,0.015,1.25,1.75,2.2
2.4,1.43,1.74,1.8,1.81,1.97,1.82,1.22,2.44,0.015,1.25,1.75,1.07
1.59,1.05,1.85,2.08,1.21,2.18,1.21,1.3,1.95,0.015,1.25,1.75,1.94
2.01,1.35,2.13,1.57,2.02,1.7,1.58,1.77,2.47,0.015,1.25,1.75,1.51
1.95,1.5,2.17,1.11,2.16,1.59,1.88,1.73,1.7,0.015,1.25,1.75,1.86
1.15,1.48,1.06,2.07,1.53,1.34,1.75,2.47,1.68,0.015,1.25,1.75,1.79
1.82,1.7,1.71,1.12,1.06,1.7,2.02,2.2,1.91,0.015,1.25,1.75,1.81
2.16,1.5,2.16,2.16,2.4,1.98,2.4,2.5,1.96,0.015,1.25,1.75,2.4
1.3,1.03,1.76,2.25,2.35,2.22,1.51,2.26,1,0.015,1.25,1.75,2.09
2.09,1.63,2.5,1.35,1.27,2.37,2.23,1.88,1.17,0.015,1.25,1.75,1.27
2.38,1.65,1.73,2.3,1.62,1.24,1.73,2.21,1.06,0.015,1.25,1.75,1.47
1.73,1.3,1.6,1.22,2.13,2.19,1.95,1.84,1.19,0.015,1.25,1.75,1.21
1.95,1.89,1.48,1.7,1.22,1.92,1.77,1.13,1.42,0.015,1.25,1.75,1.86
1.39,1.39,1.16,1.53,2.42,2.43,1.73,2.1,1.54,0.015,1.25,1.75,1.88
2.1,1.59,1.21,1.38,1.3,2.19,1.74,1.91,1.7,0.015,1.25,1.75,1.28
1.48,1.23,1.16,1.24,1.66,1.7,2.48,1.29,1.41,0.015,1.25,1.75,1.85
1.57,2.41,2.19,2.44,1.62,2.32,2.14,2.24,2.25,0.015,1.25,1.75,1.09
1.4,1.78,1.38,1.24,1.5,2.21,2.04,2.24,1.08,0.015,1.25,1.75,2
1.89,2.07,1.15,1.26,2.17,2.12,1.26,2.49,2.09,0.015,1.25,1.75,1.78
2.27,2.3,1.66,1.53,1.19,2.18,1.56,1.56,2.41,0.015,1.25,1.75,1.96
2.36,1.82,1.17,2.1,1.67,1.21,1.44,1.5,2.12,0.015,1.25,1.75,1.54
1.7,2.15,2.41,2.1,1.74,2.47,1.65,1.57,1.33,0.015,1.25,1.75,2.13
1.03,2.17,1.14,2.42,1.09,1.84,1.41,1.79,1.6,0.015,1.25,1.75,1.48
2.09,1.68,2,2.36,1.46,2.05,1.41,2.36,1.28,0.015,1.25,1.75,1.98
1.21,2.5,1.59,1.61,2.09,2.35,1.72,2.27,1.22,0.015,1.25,1.75,2.5
1.27,2.31,2.37,2.15,2.49,1.4,2.12,2.22,1.03,0.015,1.25,1.75,1.92
2.06,1.25,1.55,1.44,2.26,1.61,1.52,1.04,1.64,0.015,1.25,1.75,2.22
1.63,2,2.33,2.36,1.67,1.41,1.45,1.69,1.46,0.015,1.25,1.75,1.59
1.84,1.05,1.48,2.33,2.24,2.43,1.47,1.45,2.15,0.015,1.25,1.75,1.64
2.33,2.09,2.03,1.21,1.86,2.05,1.26,1.7,1.09,0.015,1.25,1.75,2.24
1.8,1.47,2.13,1.17,1.13,2.12,1.42,1.53,2.22,0.015,1.25,1.75,1.68
1.59,2.21,1.01,1.92,2.15,1.26,2.04,2.16,1.96,0.015,1.25,1.75,2.16
1.63,2.26,1.27,1.91,2.37,1.39,1.88,1.99,1.74,0.015,1.25,1.75,1.4
1.94,1.06,1.34,2.27,1.83,1.98,1.63,1.33,2.21,0.015,1.25,1.75,1.62
1.71,1.67,1.09,1.29,1.98,2.2,1.66,2.04,1.9,0.015,1.25,1.75,1.38
1.32,2.43,2.41,1.93,1.75,1.71,2.21,1.65,1.71,0.015,1.25,1.75,1.51
1.3,1.32,1.31,1.3,2.11,1.59,2.02,2.1,1.81,0.015,1.25,1.75,1.98
2.13,1.6,2.29,1.31,1.83,1.4,1.45,2.24,1.33,0.015,1.25,1.75,1.6
1.17,1.6,1.3,2.36,1.46,1.24,1.58,1.61,2.36,0.015,1.25,1.75,1.97
2.18,2.44,1.81,1.35,1.37,1.47,1.58,2.01,1.47,0.015,1.25,1.75,1.08
1.31,1.15,1.43,1,1.65,1.16,1.93,1.92,1.48,0.015,1.25,1.75,2.25
1.23,1.31,1.16,1.73,2,2.46,1.57,1.22,2.23,0.015,1.25,1.75,1.15
1.27,2.4,1.83,2.31,1.6,1.36,1.27,1.5,1.63,0.015,1.25,1.75,2.35
1.02,1.3,1.16,1.59,1.41,1.67,1.92,2.1,1.57,0.015,1.25,1.75,1.79
1.68,1.18,2.21,2.4,2.4,2.47,2.02,2.26,1.91,0.015,1.25,1.75,1.62
1.57,1.19,1.33,1.54,1.11,2.41,2.47,2.5,1.91,0.015,1.25,1.75,1.27
2.07,1.65,1.43,1.61,1.74,2.26,1.02,1.68,1.44,0.015,1.25,1.75,1.73
1.97,1.8,1.07,1.2,2.29,1.8,2.35,2.23,1.63,0.015,1.25,1.75,1.09
1.65,1.51,1.35,1.35,1.24,1.43,1.18,1.64,1.88,0.015,1.25,1.75,1.2
1.55,1.96,1.73,2.15,1.82,2.5,2,1.7,1.65,0.015,1.25,1.75,1.55
2.35,2.29,1.18,1.87,1.11,2.15,2.21,2.26,1.15,0.015,1.25,1.75,1.93
1.71,2.41,2.42,1.8,1.48,1.22,2.4,1.42,1.3,0.015,1.25,1.75,1.56
1.52,1,2.43,1.96,1.56,1.34,2.37,1.18,1.58,0.015,1.25,1.75,1.94
1.15,2.34,2.08,2.23,1.29,1.98,1.84,1.29,2.33,0.015,1.25,1.75,1.61
2.34,2.45,1.94,1.91,1.56,1.08,1.68,2.01,1.06,0.015,1.25,1.75,1.82
1.59,1.57,1.15,2.48,1.57,1.1,1.71,1.51,2.03,0.015,1.25,1.75,1.29
2.25,1.71,1.76,2.05,2.07,1.75,2.42,1.42,1.4,0.015,1.25,1.75,1.15
2.11,1.9,2.43,1.93,1.87,1.42,1.49,1.79,1.84,0.015,1.25,1.75,1.39
1.94,1.13,1.89,1.7,1.44,2.32,2.5,1.53,1.99,0.015,1.25,1.75,1.36
1.97,1.25,1.36,1.68,1.54,2.08,2.31,1.62,1.02,0.015,1.25,1.75,1.68
1.78,1.48,2.42,1.18,2.49,1.59,1.54,1.19,1.3,0.015,1.25,1.75,1.9
1.84,2.39,1.33,2.12,2.41,1.56,1.06,1.82,2.01,0.015,1.25,1.75,2.24
1.98,2.29,1.4,1.64,1.3,1,1.76,1.96,1.52,0.015,1.25,1.75,1.68
1.55,1.55,1.04,1.94,2.05,1.09,1.67,2.28,1.35,0.015,1.25,1.75,1.76
1.01,2.12,2.29,1.39,1.01,1.99,2.01,1.1,2.25,0.015,1.25,1.75,2.14
1.09,1.26,1.66,1.03,1.35,1.84,2.03,1.43,1.67,0.015,1.25,1.75,1.55
1.18,1.99,1.04,1.79,2.11,1.57,2.07,2.31,2.18,0.015,1.25,1.75,1.23
1.18,1.67,1.95,1.26,1.15,1.14,1.55,1.75,2.2,0.015,1.25,1.75,2.05
1.65,2.18,1.24,2.25,1.06,1.4,2.34,1.54,2.06,0.015,1.25,1.75,1.13
2.49,1.33,1.27,1.84,1.86,1.74,1.66,2.23,2.33,0.015,1.25,1.75,2.38
2.31,1.95,1.02,2.38,1.25,1.29,1.76,1.96,2.14,0.015,1.25,1.75,2.39
1.59,1.05,2.11,1.86,2.31,2.4,2.49,1.98,2.2,0.015,1.25,1.75,1.36
2.44,1.95,2.32,1.82,1.16,2.1,2.37,1.44,2.12,0.015,1.25,1.75,1.03
1.48,2.27,1.27,1.45,1.62,1.26,1.71,2.39,1.4,0.015,1.25,1.75,1.06
2.24,1.99,2.03,1.28,2.14,1.47,1.04,1.15,1.83,0.015,1.25,1.75,2.32
1.12,2.33,2.36,1.34,1.96,1.06,2.39,1.27,1.2,0.015,1.25,1.75,1.84
1.27,2.28,1.45,1.42,1.78,1.54,1.03,2.15,1.21,0.015,1.25,1.75,2.45
1.77,2.06,1.82,1.97,2.19,1.34,1.89,2.33,2.26,0.015,1.25,1.75,1.35
2.32,2.14,1.8,1.11,1.75,1.28,1.12,2.12,1.99,0.015,1.25,1.75,1.4
2.48,1.61,1.9,2.3,1.34,1.71,2.18,1.67,1.94,0.015,1.25,1.75,1.74
2.26,1.57,2.01,1.04,2.08,1.66,1.48,1.12,1.98,0.015,1.25,1.75,1.29
1.12,2.27,1.63,1.12,2.42,1.7,1.7,1.88,2.38,0.015,1.25,1.75,2.31
1.83,1.06,1.65,2.43,1.3,2.17,1.64,1.31,1.02,0.015,1.25,1.75,1.3
2.27,2.17,1.69,2.37,2.44,1.27,2.25,1.2,1.66,0.015,1.25,1.75,1.93
1.93,1.67,1.3,2.26,2.34,1.24,2.47,1.76,1.11,0.015,1.25,1.75,1.35
1.55,1.47,1.6,2.43,1.83,1.01,1.12,1.89,2.26,0.015,1.25,1.75,2.5
1.02,1.73,2.17,2.27,1.34,1.27,1.34,1.66,1.35,0.015,1.25,1.75,1.29
2.48,2.23,1.31,1.35,1.43,1.36,1.41,2.17,1.3,0.015,1.25,1.75,2.02
2.03,2.42,1.88,2.15,2.33,2.17,1.77,1.31,2.28,0.015,1.25,1.75,1.12
1.88,1.85,1.75,1.63,2.16,1.29,1.62,2.28,1.14,0.015,1.25,1.75,1.84
2.44,1.52,1.59,2.48,1.7,1.54,1.59,1.52,2.39,0.015,1.25,1.75,2.42
2.25,1.88,2.11,1.1,1.69,2.06,2.11,2.12,1.75,0.015,1.25,1.75,1.71
2.14,2.41,1.52,2.23,2.5,1.5,1.5,2.42,1.54,0.015,1.25,1.75,1.84
2.2,1.53,1.42,1.19,1.7,1.23,1.3,2.34,1.28,0.015,1.25,1.75,1.66
1.46,1.76,1.8,1.25,2.41,1.75,1.92,2.26,1.6,0.015,1.25,1.75,2.49
1.86,1.99,2.12,1.14,1.48,1.08,1.86,1.82,1.72,0.015,1.25,1.75,2.43
1.59,1.82,1.52,1.96,2.27,1.2,1.42,1.1,1.03,0.015,1.25,1.75,2.3
1.26,1.78,1.52,2.5,2.45,1.87,1.5,2.46,1.96,0.015,1.25,1.75,2.25
2.33,1.77,1.84,1.71,1.48,1.33,1.25,1.12,1.28,0.015,1.25,1.75,1.62
2.44,1.69,1.93,2.18,1.62,2.05,2.09,1.21,1.99,0.015,1.25,1.75,1.22
2.25,1.93,1.71,2.43,1.1,2.36,2.08,1.04,1.75,0.015,1.25,1.75,1.46
2.44,2.2,1.15,1.37,2.12,1.45,1.18,1.3,2.49,0.015,1.25,1.75,1.7
1.53,1.82,2.31,1.48,1.06,1.24,1.12,1.98,1.36,0.015,1.25,1.75,1.66
2.37,1.37,1.21,1.92,2.29,2.12,1.36,1.42,1.44,0.015,1.25,1.75,1.88
1.19,1.31,1.13,1.51,2.47,1.74,2.15,1.15,1.81,0.015,1.25,1.75,1.11
2.19,2.1,1.74,1.63,2.18,1.61,1.68,1.06,1.89,0.015,1.25,1.75,1.19
1.18,1.34,1.66,1.3,1.1,1.34,2.38,1.14,2.24,0.015,1.25,1.75,1.13
2.28,1.99,2.4,1.93,2.21,1.56,1.24,1.7,2.45,0.015,1.25,1.75,1.22
1.51,1.27,1.03,1.71,1.06,2.5,1.69,1.83,2.04,0.015,1.25,1.75,2.32
2.45,1.73,1.18,1.47,1.3,1.75,2.16,1.8,1.24,0.015,1.25,1.75,1.88
1.48,1.94,2.31,2.19,1.51,2.45,2.3,1.81,2.35,0.015,1.25,1.75,2.39
2.25,1.56,1.64,2.24,1.7,1.68,1.71,1.17,1.39,0.015,1.25,1.75,2.45
1,2.27,1.21,1.7,1.58,2.48,1.82,1.07,2.1,0.015,1.25,1.75,1.5
1.84,1.76,1.11,1.05,1.41,1.39,1.64,2.02,1.91,0.015,1.25,1.75,1.12
1.24,1.81,1.35,2.01,1,1.96,2.2,2.18,1.55,0.015,1.25,1.75,1.27
1.72,1.51,2.18,1.55,1.1,1.96,1.2,1.5,1.12,0.015,1.25,1.75,2.47
1,2.4,1.31,1.7,2.04,1.76,1.16,2.36,1.38,0.015,1.25,1.75,2.24
1.24,1.49,1.63,1.02,2.37,2.31,1.14,2.3,1.59,0.015,1.25,1.75,1.48
1.82,2.11,1.14,1.53,2.34,2.02,2.46,1.67,1.24,0.015,1.25,1.75,1.99
1.54,1.24,2.32,2.29,1.94,1.25,1.65,1.88,1.18,0.015,1.25,1.75,2.12
2.16,2.29,1.75,1.82,1.78,2.1,2.11,2.49,2.24,0.015,1.25,1.75,2.1
2.22,2.32,1.79,2.18,1.24,1.04,1.9,2.19,1.81,0.015,1.25,1.75,1.18
1.05,1.87,2.5,1.98,1.49,1.24,2,2.02,1.24,0.015,1.25,1.75,1
1.05,2.16,1.38,1.71,1.76,2.11,1.28,2.18,2.28,0.015,1.25,1.75,2.2
1.7,2.15,2.5,1.3,1.41,2.23,1.33,1.59,1.24,0.015,1.25,1.75,2.47
2.46,2.35,2.2,1.63,1.53,1.37,1.9,1.86,1.26,0.015,1.25,1.75,1.55
1.06,2.47,1.63,1.48,1.82,1.78,1.96,1.13,1.08,0.015,1.25,1.75,1.06
1,1.41,2.2,1.51,1.8,1.33,2.04,1.99,1.83,0.015,1.25,1.75,1.51
2.04,1.49,1.47,2.18,2.22,2.43,1.78,1.18,1.97,0.015,1.25,1.75,2.39
1,1.52,2.36,1.08,1.1,2.45,1.6,1.78,1.57,0.015,1.25,1.75,2.06
1.37,2.06,2.01,1.1,2.3,1.72,1.49,2.08,2.42,0.015,1.25,1.75,1.61
1.27,2.21,1.85,1.65,1.81,2.4,1.86,1.5,1.96,0.015,1.25,1.75,1.67
1.31,1.27,1.4,2.01,2.03,1.78,2.25,1.21,2.28,0.015,1.25,1.75,2.05
1.18,1.25,1.05,2.06,1.34,1.27,1.57,1.29,1,0.015,1.25,1.75,1.53
1.11,1.72,1.49,2.43,1.92,2.26,1,2.04,1.16,0.015,1.25,1.75,1.72
1.01,1.95,1.27,2.18,1.06,2.41,1.22,2.04,2.12,0.015,1.25,1.75,2.21
2.5,1.29,1.01,2.31,1.6,1.6,2.21,2.13,1.23,0.015,1.25,1.75,1.65
1.58,1.86,1.02,1.74,1.37,1.25,1.23,1.82,2.39,0.015,1.25,1.75,2.48
1.61,1.6,1.21,1.89,1.58,1.86,2,2.36,1.84,0.015,1.25,1.75,1.93
1.02,1.37,1.05,1.03,2.5,1.65,1.57,2.23,1.08,0.015,1.25,1.75,1.16
2.41,2.18,1,1.7,1.5,1.96,1.79,1.24,1.99,0.015,1.25,1.75,2.2
2.49,1.39,1.02,2.42,1.44,1.4,1.25,1.94,1.58,0.015,1.25,1.75,2.35
1.69,2.17,2.16,1.75,1.66,1.94,1.36,1.94,1.43,0.015,1.25,1.75,1.32
1.26,1.31,1.74,1.81,1.41,2.1,2.13,1.24,1.54,0.015,1.25,1.75,1.96
1.7,1.02,1.98,1.19,1.41,2.49,2.37,2.27,1.57,0.015,1.25,1.75,2
1.62,1.23,2.18,1.35,1.67,1.33,2.43,1.28,2.14,0.015,1.25,1.75,2.37
1.26,2.08,1.91,1.44,1.37,1.47,2.45,2.22,2.26,0.015,1.25,1.75,1.41
1.43,1.71,1.21,1.06,1.2,1.16,1.21,1.09,1.89,0.015,1.25,1.75,1.25
1.56,1.06,1.29,2.05,1.25,2.36,1,1.33,1.7,0.015,1.25,1.75,2.36
1.57,1.41,1.11,1.97,2.3,2.01,2.39,1.89,1.47,0.015,1.25,1.75,1.51
1.59,1.37,1.26,1.74,1,1.74,2.25,1.82,1.98,0.015,1.25,1.75,2.48
2.15,1.79,1.43,1.67,1.66,1.5,2.49,1.64,1.93,0.015,1.25,1.75,1.39
1.26,1.4,2.17,2.3,1.63,2.47,1.62,1.23,1.75,0.015,1.25,1.75,1.86
1.27,2.08,1.92,1.14,1.77,1.3,1.41,1.17,1.73,0.015,1.25,1.75,1.14
1.67,1.14,2.24,1.36,2.06,1.4,1.48,2.34,2.41,0.015,1.25,1.75,1.78
2.24,1.44,1.98,2.37,1.14,1.91,2.31,2.21,1.34,0.015,1.25,1.75,1.45
1.61,1.56,2.26,2.03,2,2.46,1.85,1.69,1.56,0.015,1.25,1.75,1.32
1.08,2.19,1.76,1.87,2.26,1.39,1.1,1.07,1.38,0.015,1.25,1.75,1.58
2.22,2.36,1.37,1.16,2.09,1.04,2.2,1.29,1.35,0.015,1.25,1.75,1.99
1.95,2.26,1.82,1.7,2.42,2.28,2.43,2.27,2.01,0.015,1.25,1.75,1.15
1.52,1.35,2.26,2.11,2.25,2.5,1.89,2.38,2.37,0.015,1.25,1.75,1.19
1.69,2.36,1.9,1.87,2.31,1.8,1.88,1.8,1.47,0.015,1.25,1.75,2.42
2.49,2.3,1.36,2.49,1.23,2.05,1.01,2.19,1.96,0.015,1.25,1.75,1.58
1.25,1.1,1.99,1.69,2.34,2.39,1.79,1.25,1.11,0.015,1.25,1.75,1.93
2.25,2.03,1.36,1.88,2.03,2.13,2.4,2.41,1.83,0.015,1.25,1.75,1.04
2.03,1.83,1.48,2.47,1.61,2.21,1.69,2.1,2.39,0.015,1.25,1.75,1.61
2.02,2.02,1.84,2.29,1.15,2.16,2.5,2.48,2.08,0.015,1.25,1.75,2.48
2.12,1.49,2.18,2.17,2.38,2.31,1.56,2.35,1.75,0.015,1.25,1.75,1.78
2.29,2.32,2.3,1.57,1.77,1.05,1.16,1.52,1.99,0.015,1.25,1.75,2.39
1.09,2.5,2.24,2.24,1.06,1.37,1.13,1.21,1.53,0.015,1.25,1.75,2.25
1.04,2.17,2.33,1.31,1.11,1.17,1.02,2.33,1.63,0.015,1.25,1.75,2.41
2.23,1.79,2.39,1.84,1.51,2,1.7,2.11,2.02,0.015,1.25,1.75,1.73
1.27,1.03,1.71,1.2,1.62,1.35,1.39,1.85,1.88,0.015,1.25,1.75,1.48
1.24,1.41,1.71,1.47,2.22,1.04,1.87,1.2,1.41,0.015,1.25,1.75,1.42
2.12,2.38,1.28,2.16,2.39,1.32,2.23,2.45,2.39,0.015,1.25,1.75,1.36
1.81,1.97,1.62,1.24,1.87,2.46,1.11,1.55,2.33,0.015,1.25,1.75,1.09
2.29,1.54,1.12,2.08,2.19,2.44,2.26,2.04,1.94,0.015,1.25,1.75,1.83
1.98,1.36,1.29,2.19,2.18,1.92,1.35,1.48,1.43,0.015,1.25,1.75,1.67
1.57,1.5,1.78,2.47,1.77,2.35,1.44,2.21,1.49,0.015,1.25,1.75,2.17
1.99,2.14,2.29,1.78,1.49,1.56,1.48,1.03,1.7,0.015,1.25,1.75,1.58
1.69,2.39,2.07,1.3,2.42,1.51,1.56,1.2,2.39,0.015,1.25,1.75,1.59
1.63,2.2,1.3,1.07,2.07,1.95,1.92,1.85,1.86,0.015,1.25,1.75,2.46
1.82,2.11,2.18,2.46,1.08,1.79,2.35,2.28,1.17,0.015,1.25,1.75,1.62
2.34,1.9,2.33,2.09,1.27,1.15,1.85,1.78,1.63,0.015,1.25,1.75,2.09
1.86,1.12,1.92,2.07,1.76,1.33,1.09,1.65,1.27,0.015,1.25,1.75,2.03
1.23,1.22,1.73,1.47,1.75,1.47,2.34,1.34,1.44,0.015,1.25,1.75,1.6
1.12,2.16,2,1.71,1.44,2.31,1.6,2.15,2.4,0.015,1.25,1.75,2.44
1.67,1.51,1.1,1.64,1.56,2.15,1.51,2.19,1.64,0.015,1.25,1.75,2.27
2.1,1.93,2.19,2.36,1.11,2.17,1.69,1.46,1.39,0.015,1.25,1.75,1.59
1.24,2.4,1.37,1.33,1.32,1.66,1.61,1.13,1.65,0.015,1.25,1.75,1.28
2.18,1.71,2.36,1.44,1.27,2.49,1.98,1.29,2.14,0.015,1.25,1.75,1.07
1.94,2.46,1.85,1.27,1.69,2.29,2.26,2.33,1.62,0.015,1.25,1.75,1.41
1.37,1.49,1.63,1.52,1.01,2.35,1.52,2.38,1.51,0.015,1.25,1.75,2.33
1.7,1.46,1.78,2.37,1.05,1.77,1.13,2.29,1.46,0.015,1.25,1.75,2.33
2.25,2.47,1.26,1.13,1.55,2.25,1.73,2.27,2.38,0.015,1.25,1.75,1.61
1.61,1.93,1.56,2.23,1.78,2.1,1.33,2.03,1.28,0.015,1.25,1.75,1.61
2.15,1.4,1.33,1.56,1.72,1.07,2.22,2.33,2.47,0.015,1.25,1.75,1.1
1.26,2.01,1.09,2.06,1.71,1.5,1.62,1.68,1.27,0.015,1.25,1.75,2.29
1.54,1.61,1.75,1.25,2.4,1.32,2.22,2.28,1.2,0.015,1.25,1.75,1.27
2.22,1.94,1.72,1.51,2.1,1.87,1.93,1.29,1.27,0.015,1.25,1.75,2.12
2.07,2.38,1.16,1.32,2.48,1.29,2.24,1.84,1.84,0.015,1.25,1.75,1.93
1.16,1.71,2.08,1.49,1.06,1.83,2.22,1.34,1.1,0.015,1.25,1.75,2.39
1.78,2.12,2.06,1.35,2.44,1.63,2.35,1.89,1.09,0.015,1.25,1.75,1.56
1.52,1.83,1.82,1.48,2.2,1.67,2.27,2.45,2.32,0.015,1.25,1.75,1.15
1.66,2.06,1.7,1.64,1.44,2.26,1.58,1.96,2.44,0.015,1.25,1.75,1.25
1.15,2.06,1.47,1.66,1.67,2.02,1.19,1.58,2.43,0.015,1.25,1.75,1.38
1.89,1.63,2.22,1.28,1.4,2.13,1.31,1.58,2.4,0.015,1.25,1.75,2.04
1.46,1.68,1.29,1.66,1.3,2.17,1.77,1.65,1.27,0.015,1.25,1.75,2.05
1.24,1.84,1.54,1.02,1.68,2.47,2.18,1.43,2.11,0.015,1.25,1.75,1.14
2.42,1.07,1.64,1.48,1.66,1.18,1.38,1.2,1.74,0.015,1.25,1.75,1.65
1.95,2.49,1.23,1.37,1.6,2.24,2.28,1.88,2.01,0.015,1.25,1.75,1.78
2.22,1.97,1.5,1.42,2.44,2.43,1.85,1.56,1.71,0.015,1.25,1.75,2.3
1.57,1.8,1.47,2.3,2.09,1.92,1.29,1.84,1.62,0.015,1.25,1.75,1.59
2.38,1.55,1.31,1.12,1.38,1.41,2.07,2.24,1.53,0.015,1.25,1.75,1.04
1.84,1.57,1.21,2.33,1.12,1.97,1.72,1.01,2.27,0.015,1.25,1.75,1.2
1.44,2.21,1.93,1.72,1,1.51,2.29,1.18,2.3,0.015,1.25,1.75,2.31
1.03,1.95,1.08,2.09,2.01,1.09,2.02,1.04,1.09,0.015,1.25,1.75,2.09
1.26,1.14,2.1,1.17,2.09,1.18,1.8,1.46,1.53,0.015,1.25,1.75,1.42
1.7,1.05,2.44,1.48,2.32,1.23,2.3,2.21,2.09,0.015,1.25,1.75,2.03
1.33,2.36,1.66,1.53,1.21,2.48,2.32,1.74,2.05,0.015,1.25,1.75,2.34
1.11,1.72,1.72,2.49,1.54,1.24,2.27,1.49,1.8,0.015,1.25,1.75,2.09
1.59,1.63,1.74,2.24,1.25,1.33,2.05,2.36,1.99,0.015,1.25,1.75,1.61
1.7,1.38,1.38,2.06,1.57,2.38,1.78,1.3,2.01,0.015,1.25,1.75,2.45
2.12,1.65,1.75,2.19,1.08,1.72,1.45,1.43,1.46,0.015,1.25,1.75,1.33
1.12,2.06,1.37,1.53,1.83,1.5,1.1,1.4,2.11,0.015,1.25,1.75,1.63
1.43,1.86,2.01,1.8,1.2,1.86,2.05,2.26,1.5,0.015,1.25,1.75,2.32
1.45,2.46,2.22,1.4,1.57,1.96,2.47,1.02,1.44,0.015,1.25,1.75,1.63
2.5,2.23,1.88,2,2.03,1.06,2.03,2.45,1.67,0.015,1.25,1.75,1.02
1.89,1.52,2.46,1.93,1.11,1.37,2.09,1.45,1.11,0.015,1.25,1.75,1.74
1.49,1.59,1.36,1.44,1.44,1.08,1.01,2.37,2.21,0.015,1.25,1.75,1.65
1.76,1.56,1.45,1.34,1.74,1.3,2.13,1.2,1.72,0.015,1.25,1.75,1.76
1.06,1.26,2.15,1.56,2.34,1.7,1.4,2.11,2.35,0.015,1.25,1.75,2
1.27,1.04,2.12,1.73,2.43,2.18,1.09,1.01,2.17,0.015,1.25,1.75,1.11
1.75,1.7,1.12,2.17,2.35,1.36,1.89,1.18,2.21,0.015,1.25,1.75,1.27
1.04,1.95,1.17,1.81,1.97,2.19,2.44,1.68,1.02,0.015,1.25,1.75,2.2
1.1,2.26,2.14,1.06,1.45,2.34,1.6,1.83,1.55,0.015,1.25,1.75,1.49
1.68,2.5,2.08,2.19,2.41,2.17,2.02,1.55,1.33,0.015,1.25,1.75,2.03
1.59,1.46,1.9,2.25,1.39,1.17,2.08,1.54,1.99,0.015,1.25,1.75,2.39
2.01,1.48,1.86,1.05,1.28,2.44,1.91,1.83,2.35,0.015,1.25,1.75,1.39
1.48,2.17,1.16,2.24,2.22,1.73,2.42,1.92,2.02,0.015,1.25,1.75,2.21
1.26,2.09,2.27,1.05,2.41,1.28,1.22,2.11,1.52,0.015,1.25,1.75,2.31
1.02,2.41,1.77,1.43,1.16,2.48,2.44,2.29,1.04,0.015,1.25,1.75,1.01
2.37,2.37,1.64,2.34,2.42,1.46,2.39,1.71,1.93,0.015,1.25,1.75,1.25
1.59,2.17,1.37,1.54,1.32,2.37,2.01,2.43,1.28,0.015,1.25,1.75,2.14
1.54,1.26,1.74,2.15,1.53,1.13,1.2,1.65,1.51,0.015,1.25,1.75,1.3
2.11,2.48,1.33,1.85,2.07,1.12,1.34,1.06,1.53,0.015,1.25,1.75,1.75
1.57,1.52,1.78,2.35,1.95,2.37,2.19,2.07,1.71,0.015,1.25,1.75,1.56
1.07,2.01,1.66,2.22,1.32,1.36,1.62,1.41,1.25,0.015,1.25,1.75,1.85
2.5,1.7,1.69,2.41,2.31,1.01,2.1,1.25,1.54,0.015,1.25,1.75,1.34
1.26,1.97,2.24,1.34,1,2.19,1.99,2.07,1.98,0.015,1.25,1.75,1.08
1.47,1.39,1.69,1.75,2.23,1.48,1.31,1.12,2.28,0.015,1.25,1.75,2.23
1.32,1.23,1.37,1.04,1.11,1.28,1.76,1.99,2.21,0.015,1.25,1.75,1.72
2.33,1.18,1.37,1.13,1.63,1.37,1,1.71,1.69,0.015,1.25,1.75,1.14
2.27,1.59,1.18,1.07,1.48,2.46,2.25,1.92,2.02,0.015,1.25,1.75,2.45
1.03,1.44,2.15,1.1,1.89,2.05,1.23,1.72,2.14,0.015,1.25,1.75,1.38
1.13,1.96,1.08,1.73,2.34,1.25,1.04,1.09,2.05,0.015,1.25,1.75,1.88
2.44,2.29,2.12,2.04,2.39,1.91,1.85,2.28,1.57,0.015,1.25,1.75,1.98
1.11,2.5,1.81,1.74,1.73,1.19,1.21,2.08,1.84,0.015,1.25,1.75,1.1
2.28,1.91,1.86,1.79,1.46,1.36,1.47,1.66,1.43,0.015,1.25,1.75,2
1.53,1.75,2.35,1.22,2.1,1.15,2.4,1.7,1.29,0.015,1.25,1.75,1.13
1.36,1.44,1.38,2.41,1.36,1.72,2.42,1.37,1.86,0.015,1.25,1.75,1.04
1.3,1.92,1.04,1.54,1.78,1.23,2.26,1.07,2.18,0.015,1.25,1.75,2.14
1.93,1.59,1.07,2.39,1.43,2.43,1.55,2.23,1.88,0.015,1.25,1.75,2.13
1.31,1.82,2.07,1.4,1.85,1.45,1.41,1.68,1.93,0.015,1.25,1.75,1.93
2.01,2.3,2.39,2.39,1.43,2.45,2.44,2.44,2.39,0.015,1.25,1.75,2.08
1.84,2.24,1.07,1.37,1.66,1.15,1.53,1.9,1.74,0.015,1.25,1.75,1.14
1.06,1.3,2.22,1.58,1.3,1.61,1.41,2.03,2.29,0.015,1.25,1.75,1.84
1.97,2.37,1.26,2.4,1.25,2.2,1.95,1.51,2.16,0.015,1.25,1.75,1.18
2.16,1.98,2.1,2.2,1.82,1.17,1.97,1.44,1.13,0.015,1.25,1.75,1.77
2.1,1.51,1.79,2.47,1.53,1.3,2.08,1.33,2,0.015,1.25,1.75,1.6
1.45,1.75,1.65,1.36,2.21,1.24,1.82,1.25,1.79,0.015,1.25,1.75,1.61
2,2.05,2.34,2.32,1.16,1.29,1.8,2.02,2.35,0.015,1.25,1.75,1.67
1.42,2.33,2.45,1.77,1.53,1.78,1.7,2.17,2.1,0.015,1.25,1.75,2.36
1.66,2.16,1.14,1.72,1.01,1.66,2.11,1.67,1.25,0.015,1.25,1.75,1.95
1.74,2.42,2.15,1.31,1.45,1.16,2.31,2.18,1.01,0.015,1.25,1.75,2.04
1.51,1.91,1.03,1.43,1.17,2.48,1.15,2.11,2.08,0.015,1.25,1.75,1.39
2.23,1.39,2.29,1.56,1.19,1.99,1.42,2.08,1.19,0.015,1.25,1.75,1.84
1.31,1.28,1.92,2.29,1,1.75,2.4,1.22,1.4,0.015,1.25,1.75,1.06
1.53,1.85,1.07,2.17,2.46,1.13,2.07,1.69,2.08,0.015,1.25,1.75,1.91
1.89,1.72,1.02,1.83,1.11,1.68,1.95,2.2,2.43,0.015,1.25,1.75,2.44
2.05,1.59,1.34,2.21,1.75,2.09,1.6,2.28,2.05,0.015,1.25,1.75,1.25
1.53,1.86,1.55,1.05,2.28,1.56,1.23,1.85,1.85,0.015,1.25,1.75,1.24
1.52,1.37,1.05,1.37,2.23,2.32,1.56,1.38,1.02,0.015,1.25,1.75,1.34
1.26,1.25,1.82,2.23,1.44,1.98,1.46,1.89,1.5,0.015,1.25,1.75,1.48
2.49,1.35,1.58,1.28,1.96,2.37,1.56,2.19,1.5,0.015,1.25,1.75,2.33
2.43,1.08,1.69,1.62,2.48,1.07,1.55,2.31,1.14,0.015,1.25,1.75,1.88
2.34,1.67,1.55,1.05,1.2,1.99,1.97,2.16,1.58,0.015,1.25,1.75,2.08
1.03,1.44,1.53,2.3,1.86,2.13,1.12,2.16,2.22,0.015,1.25,1.75,1.7
1.36,1.42,1.5,1.04,1.39,1.71,1.67,1.96,1.69,0.015,1.25,1.75,1.43
2.15,2.1,2.37,1.08,1.36,2.38,2.02,1.57,2.07,0.015,1.25,1.75,1.79
1.37,1.93,2.39,1.45,1.5,1.02,2.33,2.21,2.07,0.015,1.25,1.75,1.43
1.31,2.04,1.3,1.73,1.26,2.39,2.27,1.92,1.82,0.015,1.25,1.75,2.4
1.21,1.47,1.2,1.43,2.42,1.33,1.93,1.94,1.71,0.015,1.25,1.75,2.26
1.8,1.49,1.62,1.68,2.44,2.31,2.04,2.45,2.07,0.015,1.25,1.75,2.41
1.68,1.44,2.05,1.48,1.35,1.72,1.64,2.39,2.22,0.015,1.25,1.75,1.73
2.43,2.41,2.26,1.73,1.89,1.67,1.48,1.17,2.24,0.015,1.25,1.75,1.6
2.22,1.32,2.17,2.5,1.07,1.8,1.14,1.27,2.19,0.015,1.25,1.75,1.76
2.33,1.63,2.22,2.34,1.51,1.23,2.17,1.95,1.32,0.015,1.25,1.75,2.31
1.4,1.44,1.95,1.37,2.46,2.1,1.62,1.69,1.87,0.015,1.25,1.75,2.01
2.4,1.12,1.51,2.22,2.14,2.48,1.12,1.82,1.06,0.015,1.25,1.75,1.49
1.7,1.67,1.28,1.12,1.12,1.4,1.59,1.31,1.13,0.015,1.25,1.75,1.84
1.62,2.17,1.92,1.2,2.19,2.29,2.33,1.13,1.75,0.015,1.25,1.75,1.71
1.35,1.29,1.52,1.77,1.06,1.75,2.44,1.62,1.9,0.015,1.25,1.75,1.46
2.16,1.06,1.24,2.39,1.4,1.11,1.63,1.12,1.94,0.015,1.25,1.75,2.3
1.57,2.07,1.19,1.81,2.2,1.88,2.22,1.4,1.62,0.015,1.25,1.75,2.4
1.78,2.02,1.54,2.3,1.06,1.62,1.29,1.63,1.4,0.015,1.25,1.75,1.44
1.8,2.17,1.28,1.62,2.04,1.7,1.24,1.89,1.41,0.015,1.25,1.75,1.17
2.5,1.36,1.74,1.41,2.13,2.26,2.4,1.83,2.04,0.015,1.25,1.75,2.37
1.86,1.46,1.85,1.07,1.57,2.5,1.16,1.91,2.21,0.015,1.25,1.75,1.29
1.97,1.46,2.04,2,1.34,1.18,2.19,1.17,1.86,0.015,1.25,1.75,2.06
1.77,2.2,2.19,1.15,1.85,1.63,2.46,1.87,1.59,0.015,1.25,1.75,1.22
2.31,1.19,2.11,1.02,2.16,1.62,1.08,1.8,1.07,0.015,1.25,1.75,2.25
1.9,2.21,2.12,1.63,2.47,1.83,1.1,2.4,2.11,0.015,1.25,1.75,2.11
1.32,1.14,1.88,1.65,1.42,1.85,1.93,2.04,2.36,0.015,1.25,1.75,1.66
1.52,1.16,2.24,1.52,2.37,1.25,2.27,2.32,2.03,0.015,1.25,1.75,2.38
1.98,2.17,1.32,1.5,1.2,1.51,2.46,2.38,1.38,0.015,1.25,1.75,1.42
1.67,1.93,1.93,1.15,1.71,1.92,1.82,1.41,1.14,0.015,1.25,1.75,1.11
1.02,2.49,1.82,1.25,1.38,1.1,1.85,2.18,2.08,0.015,1.25,1.75,1.94
1.9,2.5,1.93,1.73,2.41,2.31,1.86,2.34,1.81,0.015,1.25,1.75,1.33
1.54,1.55,1.64,2.07,2.15,2.3,2,2.32,1.19,0.015,1.25,1.75,2.31
2.07,1.51,1.68,1.97,1.07,1.35,2.04,1.42,2.14,0.015,1.25,1.75,1.29
1.18,1.9,2.38,1.93,2.04,2.18,2.45,1.36,2.06,0.015,1.25,1.75,1.84
1.28,1.08,1.75,1.06,2.13,1.95,2.28,1.42,1.39,0.015,1.25,1.75,1.3
2.26,1.91,1.8,1.36,1.06,2.1,1.38,1.95,1.72,0.015,1.25,1.75,2.47
1.96,1.86,1.8,1.92,1.14,2.07,2.27,1.86,2.18,0.015,1.25,1.75,1.2
1.56,1.09,1.04,2.46,1.24,2.18,1.28,2.25,2.05,0.015,1.25,1.75,1.69
1.67,1.1,1.36,1.76,1.38,1.73,1.28,1.98,1.34,0.015,1.25,1.75,2.07
1.19,1.34,1.31,1.63,1.87,1.48,1.26,2.13,1.65,0.015,1.25,1.75,2.06
1.18,1.64,1.76,1.48,1.35,1.87,1.15,1.21,1.19,0.015,1.25,1.75,2.33
1.68,1.13,1.47,2.32,2.44,1.78,2.12,1.6,1.51,0.015,1.25,1.75,2.26
2.35,2.17,2.22,1.01,2.06,1.27,1.98,1.54,1.42,0.015,1.25,1.75,1.37
1.45,1.78,1.2,1.71,1.59,2.1,1.06,2.04,1.19,0.015,1.25,1.75,1.34
1.11,2.35,1.85,1.7,2.48,2.48,2.22,1.07,1.5,0.015,1.25,1.75,1.27
2.46,2.08,1.11,1.49,2.17,1.75,1.84,1.15,1.58,0.015,1.25,1.75,1.88
1.87,2.06,1.85,2.17,1.38,1.55,1.66,2,1.2,0.015,1.25,1.75,1.13
2.08,1.71,1.13,2.43,1.94,2.35,2.02,1.6,1.64,0.015,1.25,1.75,1.03
1.27,1.8,2.32,1.82,1.17,2.43,1.78,2.32,2.44,0.015,1.25,1.75,2.27
1.84,2.48,1.33,1.88,1.43,1.66,1.06,2.38,1.76,0.015,1.25,1.75,1.01
2.14,1.76,1.82,1.62,1.83,1.5,2.14,1.99,1.17,0.015,1.25,1.75,1.83
1.63,1.82,2.35,1.95,2.11,2.02,1.16,1.07,1.82,0.015,1.25,1.75,1.35
1.57,1.37,2.5,2.14,1.46,1.07,2.02,1.12,2.26,0.015,1.25,1.75,1.87
1.08,2.41,2.03,1.2,1.56,1.24,2.21,1.2,1.82,0.015,1.25,1.75,2.39
1.15,2.31,1.09,1.37,2.15,1.89,1.68,1.75,1.97,0.015,1.25,1.75,2.35
2.12,1.4,2.4,2.4,2.02,2.47,2.31,2.25,1.78,0.015,1.25,1.75,1.4
1.35,1.26,1.92,1.07,1.9,1.43,1.12,1.5,1.08,0.015,1.25,1.75,1.63
2.26,2.39,1.14,2.39,2.21,2.04,2.32,2.06,1.31,0.015,1.25,1.75,1.93
1.72,1.43,1.78,1.54,2.02,1.23,1.11,2.45,2.2,0.015,1.25,1.75,1.82
1.71,2.17,1.77,2.44,1.26,1.81,1.88,1.88,2.13,0.015,1.25,1.75,2.49
1.89,2.49,2.31,2.18,1.54,1.61,1.81,2.34,1.44,0.015,1.25,1.75,1.81
1.05,2.09,2.03,1.61,1.45,1.59,2.09,1.14,1.18,0.015,1.25,1.75,1.2
2.36,1.73,1.11,1.09,1.41,2.07,1.68,1.78,1.21,0.015,1.25,1.75,1.02
2.25,1.44,1.07,1.02,2.44,1.89,1.39,1.34,2.46,0.015,1.25,1.75,1.63
2.31,1.55,2.26,1.62,1.05,1.09,1.68,2.46,1.98,0.015,1.25,1.75,2.5
1.12,1.31,1.54,2.35,2.29,2.13,1.13,1.74,1.74,0.015,1.25,1.75,1.45
1.29,2.45,1.77,1.09,1.39,1.65,1.88,1.86,1.59,0.015,1.25,1.75,1.37
1.76,2.29,1.2,2.32,1.68,2.02,1.52,1.95,1.37,0.015,1.25,1.75,1.84
1.92,1.92,1.02,1.94,1.65,1.78,1.01,1.12,1.72,0.015,1.25,1.75,1.21
2.43,1.66,1.36,1.58,1.48,1.63,2,1.24,1.74,0.015,1.25,1.75,1.44
1.54,1.42,1.32,2.06,1.19,1.7,2.24,2.19,2.41,0.015,1.25,1.75,2.12
1.37,1.31,2.19,1.67,1.41,1.22,1.56,1.33,2.45,0.015,1.25,1.75,2.44
2.38,1.13,2.08,1.35,2.08,1.55,1.78,1.62,1.96,0.015,1.25,1.75,2.41
1.08,2.09,1.13,1.95,1.77,1.81,2.48,1.85,2.47,0.015,1.25,1.75,1.12
2.46,2.15,1.68,1.47,2.46,1.03,1.77,1.01,1.04,0.015,1.25,1.75,1.3
1.25,1.76,1.54,1.45,1.74,1.85,1.61,2.12,2.44,0.015,1.25,1.75,1.45
2.25,1.3,2.47,1.61,1.3,1.68,2.41,1.21,1.85,0.015,1.25,1.75,2.01
1.17,1.1,1.75,1.87,1.1,2.01,1.19,2.07,2.45,0.015,1.25,1.75,2.44
1.07,1.5,1.16,2.29,1.24,1.14,2.26,1.68,2.25,0.015,1.25,1.75,1.42
2.2,2.22,1.47,2.17,1.92,2.21,1.76,2.49,1.51,0.015,1.25,1.75,1.65
1.98,1.79,1.41,1.7,2.49,1.81,1.12,1.12,1.08,0.015,1.25,1.75,1.7
1.44,1.6,2.15,1.37,2.02,2.27,1.55,1.05,2.31,0.015,1.25,1.75,1.77
1.74,1.47,1.17,2.02,2.5,2.28,1.92,2.09,1.74,0.015,1.25,1.75,1.61
1.04,1.78,1.09,1.68,2.4,1.09,2.39,2.33,1,0.015,1.25,1.75,1.88
2.09,2.33,2.03,1,1.03,2.1,1.15,1.93,1.39,0.015,1.25,1.75,2.39
1.24,2.06,2.44,1.24,1.49,1.26,2.39,2.4,1.76,0.015,1.25,1.75,2.18
1.55,1.37,1.01,1.94,2.2,1.01,2.21,1.38,1.65,0.015,1.25,1.75,1.59
1.89,2.06,1.53,2.01,2.26,1.33,2.01,1.46,2.38,0.015,1.25,1.75,1.77
1.39,2.36,1.11,2.28,1.97,1.29,2.05,2,1.46,0.015,1.25,1.75,1.4
1.56,1.76,2.34,2.47,2.04,2.46,2.19,1.64,1.47,0.015,1.25,1.75,1.17
2.28,2.34,1.08,1.28,2.17,1.67,1.14,2.1,2.25,0.015,1.25,1.75,1.38
1.51,1.49,2.21,1.82,1.81,2.18,2.03,1.28,1.41,0.015,1.25,1.75,2.2
1.6,1.14,1.34,2.26,2.27,1.39,1.49,2.39,1.3,0.015,1.25,1.75,1.96
2.12,1.8,1.35,1.72,2.37,2.46,2.08,1.9,1.74,0.015,1.25,1.75,1.19
1.14,2.23,2.4,1,2.24,2.05,1.58,1.48,1.87,0.015,1.25,1.75,1.51
2.16,1.6,2.18,1.36,1.84,1.64,2.37,2.42,1.51,0.015,1.25,1.75,1.45
1.88,1.03,1.07,1.27,1.58,1.85,1.17,1.78,1.36,0.015,1.25,1.75,2.43
1.53,1.42,1.43,1.46,1.49,1.44,1,1.81,1.23,0.015,1.25,1.75,1.85
2.06,1.27,1.71,1.87,1.83,1.03,1.51,1.45,1.56,0.015,1.25,1.75,1.83
1.36,2.44,2.17,1.92,1.76,2.12,1.33,2.44,2.48,0.015,1.25,1.75,2.24
1.58,2.47,2.34,2.42,2.16,1.65,1.58,2.33,2.11,0.015,1.25,1.75,1.24
2.18,1.09,1.77,2,1.5,1.13,1.41,1.43,2.33,0.015,1.25,1.75,1.38
1.29,2.08,1.5,1.97,1.85,1.15,1.26,1.48,2.03,0.015,1.25,1.75,1.6
1.43,1.14,1.11,1.44,1.34,2.38,1.13,1.2,2.38,0.015,1.25,1.75,1.4
1.78,2.38,2.5,2.09,1.78,1.69,2.38,1.43,1.37,0.015,1.25,1.75,2.24
2.41,2.09,1.6,1.49,1.7,1.24,2.47,2.16,1.93,0.015,1.25,1.75,1.55
1.17,2.49,1.35,1.38,2.04,1.79,1.75,1.02,1.03,0.015,1.25,1.75,1.24
2.18,2.48,2.03,1.22,2.49,1.43,2.39,1.8,1.87,0.015,1.25,1.75,1.44
1.13,1.7,1.45,1.92,1.72,2.2,1.95,1.92,1.68,0.015,1.25,1.75,2.4
2.4,1.71,2.14,1.71,2.01,2.41,2.01,1.31,1.34,0.015,1.25,1.75,1.07
1.62,1.98,1.83,1.58,2.46,2.33,2.48,1.98,2.12,0.015,1.25,1.75,1.83
1.55,1.86,1.19,1.6,2.42,1.58,2.05,2.45,2.29,0.015,1.25,1.75,1.35
2.15,1.38,1.87,1.28,1.27,1.52,1.52,1.55,2.29,0.015,1.25,1.75,1.79
1.91,1.82,2.41,1.76,2.46,1.25,1.14,1.59,1.6,0.015,1.25,1.75,1.3
2.35,1.77,1.5,1.76,1.72,1.07,1.81,2.44,2.23,0.015,1.25,1.75,2.38
1.66,2.28,2.3,1.83,1.62,2.45,2.15,1.33,2.22,0.015,1.25,1.75,1.36
2.19,2.09,1.78,1.15,2.34,2.46,1.4,1.34,1.04,0.015,1.25,1.75,1.72
1.93,1.36,1.69,2.45,1.16,2.5,1.52,1.53,1.55,0.015,1.25,1.75,1.75
1.9,2.18,1.63,1.26,2.41,1.42,1.48,1.4,1.42,0.015,1.25,1.75,1.12
1.32,1.03,2.43,2.05,2.12,1.91,1.73,2.22,2.29,0.015,1.25,1.75,1.17
2.15,1.53,2.19,2.38,2.11,1.39,1.58,2.39,1.85,0.015,1.25,1.75,1.67
2.32,1.88,1.88,1.95,1.77,2.46,1.4,1.75,1.19,0.015,1.25,1.75,1.11
1.51,1.36,1.56,2.22,2,1.87,1.6,2.1,1.11,0.015,1.25,1.75,2.1
2.22,1.92,1.87,1.7,1.58,2.41,1.83,1.67,2.27,0.015,1.25,1.75,2.38
1.05,2.5,1.34,1.46,2.44,1.9,1.95,1.75,1.4,0.015,1.25,1.75,1.09
2.39,1.73,1.91,1.94,1.38,1.42,2.26,2.16,2.04,0.015,1.25,1.75,1.28
1.91,1.87,2.32,1.22,2.4,1.78,2.45,1.37,1.82,0.015,1.25,1.75,1.41
1.07,1.95,1.39,2.3,1.32,1.57,2.27,1.6,1.02,0.015,1.25,1.75,1.63
2.4,2.4,1.37,1.44,1.15,1.94,1.89,2.07,2.27,0.015,1.25,1.75,1.07
1.37,1.35,2.17,1.98,1.49,2.43,1.06,2,1.45,0.015,1.25,1.75,2.37
1.73,1.84,1.05,1.1,1.12,1.18,1.38,1.94,1.95,0.015,1.25,1.75,1.21
2.16,1.01,1.55,1.61,1.49,2.46,2.17,2.14,1.86,0.015,1.25,1.75,1.01
2.26,1.16,1.71,1.65,1.64,1.83,2.44,1.84,1.63,0.015,1.25,1.75,1.01
1.07,1.99,2.49,2.47,1.3,2.47,1.59,1.09,1.5,0.015,1.25,1.75,1.96
1.49,1.49,1.72,1.23,1.82,2.32,2.1,1.51,2.17,0.015,1.25,1.75,1.6
1.98,1.45,2.42,1.92,1.93,1.95,1.41,2.4,1.67,0.015,1.25,1.75,2.07
1.97,2.45,2.16,1.8,1.38,1.23,1.4,2.13,1.9,0.015,1.25,1.75,1.64
2.02,1.92,1.93,1.87,1.24,1.78,1.19,1.58,1.16,0.015,1.25,1.75,1.4
1.69,1.85,1.64,1.3,1.14,1.59,1.19,1.24,1.01,0.015,1.25,1.75,2.05
1.42,1.54,2.16,1.65,1,1.29,1.83,1.56,1.94,0.015,1.25,1.75,1.74
1.07,1.19,1.87,2.48,2.21,2.04,1.71,1.11,1.2,0.015,1.25,1.75,1.67
1.43,1.75,1.19,2.3,2.09,1.08,2.4,1.76,2.11,0.015,1.25,1.75,1.38
1.36,2.42,1.02,1.01,2.17,2.5,2.17,2.42,1.32,0.015,1.25,1.75,2
2.34,2.27,2.35,2.06,1.09,2.44,1.53,1.47,1.18,0.015,1.25,1.75,1.74
1.73,1.52,1.14,1.33,1.15,1.63,2.41,2.06,1.78,0.015,1.25,1.75,2.3
1.76,1.91,1.72,2.21,2.41,2.31,2.06,2.42,1.99,0.015,1.25,1.75,1.58
1.74,2.19,2.32,1.69,2.1,2.25,1.4,2.07,1.64,0.015,1.25,1.75,2.33
1.85,2.22,2.4,1.97,2.06,1.17,1.12,1.62,2.18,0.015,1.25,1.75,2.14
2.16,2.41,1.2,1.92,1.12,2.34,2.18,2,1.88,0.015,1.25,1.75,1.07
1.8,1.64,1.72,2.36,1.51,2.48,1.02,1.39,1.56,0.015,1.25,1.75,1.23
1.59,2.17,2.22,1.14,1.03,2.5,2.5,1.51,1.42,0.015,1.25,1.75,2.3
2.45,1.69,2.21,1.47,1.49,1.41,1.05,2.06,2.15,0.015,1.25,1.75,1.47
2.14,1.18,2.09,1.7,1.64,2.1,1.43,1.88,2.48,0.015,1.25,1.75,1.08
1.39,2.43,2.43,1.53,2.31,1.56,1.8,1.44,2.03,0.015,1.25,1.75,1.92
1.95,2.05,1.9,1.46,1.89,1.87,1.1,1.1,1.18,0.015,1.25,1.75,1.77
1.63,2.17,2.13,2.19,2.14,1.93,2.14,2.5,1.96,0.015,1.25,1.75,2.26
2.07,2.04,1.44,2.09,2.3,1.12,2.39,1.69,2.13,0.015,1.25,1.75,2.36
2.42,2.12,1.86,2.25,1,2.04,2.23,2.09,1.88,0.015,1.25,1.75,1.34
2.3,2,1.42,1.39,1.17,1.57,1.68,1.21,1.13,0.015,1.25,1.75,2.25
1.47,1.7,2.11,1.2,1.52,1.64,1.38,1.88,2.34,0.015,1.25,1.75,2.38
1.47,1.75,1.31,1.64,2.05,1.73,2.35,2.34,2,0.015,1.25,1.75,1.56
2.16,1.02,1.04,1.05,1.08,1.11,2.22,1.02,1.98,0.015,1.25,1.75,2.49
1.35,1.37,1.31,2.28,1.2,1.95,1.74,1.13,1.51,0.015,1.25,1.75,2.26
2.18,2.07,2.11,1.48,1.65,2.36,2.26,2.24,2.19,0.015,1.25,1.75,2.36
2.25,1.74,1.99,2.18,2.35,1.98,1.77,2.4,2.2,0.015,1.25,1.75,1.97
1.33,1.59,1.5,1.96,1.92,1.68,1.32,2.31,2.33,0.015,1.25,1.75,1.1
2.45,1.5,2.31,1.06,2.38,2.45,2.3,1.28,1.22,0.015,1.25,1.75,1.01
1.71,1.66,2.11,2.22,1.64,2.12,1.06,1.35,1.41,0.015,1.25,1.75,2.27
1.13,1.05,1.58,1.77,2.34,1.13,1.83,1.86,2.26,0.015,1.25,1.75,1.48
1.55,2.43,2.24,1.7,2.11,2.28,1.23,1.81,2.14,0.015,1.25,1.75,1.87
2.25,2.33,1.11,1.01,2.19,1.59,1.25,2.19,2.34,0.015,1.25,1.75,2.09
2.43,1.82,1.98,1.79,2.06,1.92,1.27,2.47,1.02,0.015,1.25,1.75,1.4
2.03,2.05,1.88,2.1,1.33,1.48,2.34,1.85,2.5,0.015,1.25,1.75,1.72
1.79,1.09,2.14,2.36,2.07,1.52,1.74,1.29,1.11,0.015,1.25,1.75,2.17
2.25,2.38,1.65,2.13,1.34,1.32,1.67,1.78,1.07,0.015,1.25,1.75,2.07
1.4,1.45,2.09,1.49,2.24,1.1,2.2,1.6,1.66,0.015,1.25,1.75,2.23
2.5,1.81,1.58,1.99,1.88,1.04,2.42,1.43,1.04,0.015,1.25,1.75,2.45
1.47,1.47,1.18,1.65,2.27,1.34,1.29,1.1,1.72,0.015,1.25,1.75,2.08
2.33,2.07,2.41,1.08,2.4,1.3,2.16,1.75,1.43,0.015,1.25,1.75,2.01
2.47,1.5,1.88,2.15,1.35,1.8,1.97,2.46,1.02,0.015,1.25,1.75,1.87
1.52,1.99,1.97,1.1,1.64,1.48,1.28,2.46,2.15,0.015,1.25,1.75,2.08
1.29,2.35,1.89,1.84,1,1.66,1.55,1.92,1.2,0.015,1.25,1.75,2.06
1.3,1.37,2.09,2.25,1.17,2.02,2.37,2.44,1.47,0.015,1.25,1.75,2.29
1.16,1.07,1.58,1.84,1.3,2.06,1.4,1.5,2.41,0.015,1.25,1.75,1.99
1.08,1.93,1.63,1.61,1.09,2.3,2.42,2.27,2.03,0.015,1.25,1.75,1.24
1.95,1.7,1.94,1.18,1.67,2.47,2.06,1,1.69,0.015,1.25,1.75,1.53
1.83,2.1,1.51,1.2,2.29,2.03,1.29,2.5,2.03,0.015,1.25,1.75,1.86
1.14,1.08,1.22,2.28,1.8,2.2,2.48,1.62,2.16,0.015,1.25,1.75,1.01
2.11,2.39,1.79,1.56,2.1,2.04,2.05,1.53,2.03,0.015,1.25,1.75,2.44
1.92,1.22,2.19,2.47,1.84,2.39,1.29,1.53,1.98,0.015,1.25,1.75,1.85
1.55,1.16,1.8,1.85,2.32,1.81,1.3,1.79,2.32,0.015,1.25,1.75,1.44
1.55,1.18,2.37,1.16,2.46,1.26,1.62,1.95,1.88,0.015,1.25,1.75,2.19
2.25,1.11,1.9,1.96,1.14,1.12,2.39,2.23,2.14,0.015,1.25,1.75,2.1
2.41,1.31,2.01,1.02,1.37,2.39,1.39,2.17,2.33,0.015,1.25,1.75,1.21
1.71,1.58,2.15,2.34,1.24,1.01,2.06,2.1,1.36,0.015,1.25,1.75,1.56
1.55,1.88,2.15,1.08,1.52,1.42,1.72,2.05,2.02,0.015,1.25,1.75,1.85
2.24,1.06,2.1,1.56,2.26,2.22,2.46,2.02,1.78,0.015,1.25,1.75,1.09
2.34,1.83,2.27,1.47,2.23,2.07,1.97,2.24,1.42,0.015,1.25,1.75,1.96
2.11,2,1.79,1.29,1.33,1.51,1.39,2.29,2.14,0.015,1.25,1.75,2.45
1.14,1.85,2.03,1.21,2.18,2.41,1.53,1.8,2.25,0.015,1.25,1.75,1.67
1.99,1.53,1.64,1.43,2.02,1.21,1.98,2.15,1.86,0.015,1.25,1.75,2.33
2.5,1.71,2.08,2.06,1.34,1.86,2.12,1.54,2.22,0.015,1.25,1.75,2.44
1.29,2.19,1.77,1.54,1.18,1.41,1.24,1.75,2.02,0.015,1.25,1.75,1.3
2.19,1.34,1.57,1.56,1.81,1.97,1.8,1.91,2.29,0.015,1.25,1.75,2.3
2.49,2,2.09,2.27,2.21,1.78,1.88,2.15,2.07,0.015,1.25,1.75,1.8
1.59,1.18,1.41,1.47,2.29,1.57,1.32,2.25,1.83,0.015,1.25,1.75,2.33
1.71,2.04,1.09,2.11,1.63,1.74,1.17,1.04,2.43,0.015,1.25,1.75,1.85
1.63,1.86,1.59,2.22,1.67,1.53,2.26,1.87,2.43,0.015,1.25,1.75,1.17
1.3,2.29,1.94,1.55,2.42,1.22,2.27,1.7,1.45,0.015,1.25,1.75,1.97
1.23,1.25,1.02,2.26,1.17,1.82,1.45,2.31,2.43,0.015,1.25,1.75,2.38
2.17,1.66,2.16,2.11,1.23,2.07,2.24,1.33,2.45,0.015,1.25,1.75,1.72
1.72,1.58,1.12,2.45,1.07,1.61,2.5,2.18,1.58,0.015,1.25,1.75,2.33
1.73,1.76,1.77,2.44,1.67,1.8,1.67,1.28,2.28,0.015,1.25,1.75,2.38
1.09,2.17,2.35,1.05,1.61,1.57,1.47,2.21,2.33,0.015,1.25,1.75,1.32
1.14,1.68,1.5,1.43,1.74,1.15,2.26,2.13,1.87,0.015,1.25,1.75,1.67
1.75,1.02,1.07,1.73,1.23,1.77,1.14,2.13,2.22,0.015,1.25,1.75,2.37
1.36,2.29,1.62,1.06,2.34,2.41,1.51,1.26,2.3,0.015,1.25,1.75,1.13
2.18,1.53,1.2,2.18,1.37,2.39,1.81,1.09,2.33,0.015,1.25,1.75,1.3
1.93,1.31,1.48,1.93,1.43,1.66,1.7,2.04,1.88,0.015,1.25,1.75,1.14
2.27,1.34,1.43,2.36,2.16,2.09,1.05,1.75,1.6,0.015,1.25,1.75,2.1
2.33,1.38,2.01,2.23,2.3,2.5,1.02,2.23,2.46,0.015,1.25,1.75,1.51
1.25,1,1.89,1.35,1.95,2.25,2.26,2.15,2.15,0.015,1.25,1.75,1.37
1.08,1.27,2.03,1.86,2.02,1.21,1.43,2.1,2.24,0.015,1.25,1.75,2.22
2.41,1.01,2.39,2.4,2.18,2.15,1,1.92,1.43,0.015,1.25,1.75,2.36
2.29,1.39,1.77,2.03,2.22,1.88,1.79,2.14,1.33,0.015,1.25,1.75,1.71
1.58,1.51,1.45,1.05,1.02,2.43,1.05,1.93,2.19,0.015,1.25,1.75,1.33
1.98,2.43,2.31,2.35,1.41,2.26,2.15,1.66,2.16,0.015,1.25,1.75,2.16
2.19,1.66,2.01,2.1,1.6,2.46,1.99,2.49,1.24,0.015,1.25,1.75,1.49
2.19,2.12,1.6,1.51,1.35,1.36,2.49,1.33,2.27,0.015,1.25,1.75,1.64
2.43,1.53,2.16,1.69,2.13,1.82,1.66,1.38,1.56,0.015,1.25,1.75,1.39
2.01,1.92,2.45,2.41,2.15,1.23,2.08,1.89,1.31,0.015,1.25,1.75,1.91
2.26,2.06,1.67,1.09,1.89,1.09,2.27,2.49,2.03,0.015,1.25,1.75,1.81
1.49,1.72,1.48,1.15,1.65,1.86,1.67,1.31,1.3,0.015,1.25,1.75,2.16
1.15,1.77,2.09,1.28,2.5,2,1.71,1.74,1.15,0.015,1.25,1.75,2.24
1.5,1.11,1.1,1.65,2.25,2.39,1.27,1.09,1.88,0.015,1.25,1.75,1.13
1.45,1.64,2.41,1.51,1.85,1.3,1.48,1.7,1.98,0.015,1.25,1.75,1.66
1.58,2.13,1.23,2.02,2.44,1.33,1.25,1.57,1.84,0.015,1.25,1.75,1.06
1.34,1.88,2.07,2.32,2.23,2.26,2.41,1.71,1.22,0.015,1.25,1.75,1.42
2.35,1.04,1.34,1.14,1.04,2.38,1.86,2.19,1.31,0.015,1.25,1.75,1.93
1.12,2.17,1.77,1.02,2.02,1.78,1.23,1.26,1.97,0.015,1.25,1.75,2.09
1.66,1.22,1.37,1.6,1.35,1.21,2.04,2.5,1.71,0.015,1.25,1.75,1.13
1.97,2.35,1.65,1.17,1.48,1.84,2.48,2.15,1.94,0.015,1.25,1.75,2.11
1.33,2.19,1.71,1.11,1.05,1.31,2.27,2.01,2.24,0.015,1.25,1.75,2.23
1.02,1.84,1.01,1.34,2.21,1.14,1.33,1.88,1.51,0.015,1.25,1.75,2.04
1.66,1.46,2.19,2.38,2.08,1.34,1.91,1.58,2.44,0.015,1.25,1.75,1.98
1.02,2.02,1.68,1.82,1.63,1.63,1.79,1.43,1.01,0.015,1.25,1.75,1.53
2.22,2.04,1.33,1.53,2.29,2.08,1.09,1.49,1.42,0.015,1.25,1.75,1.83
1.66,1.56,2.14,1.89,2.42,1.9,1.64,2.15,1.71,0.015,1.25,1.75,1.25
1.06,1.75,2.49,1.15,1.58,1.83,1.16,1.15,1.32,0.015,1.25,1.75,2.47
2.46,2.06,1.23,2.03,1.2,1.29,1.71,2.17,1.24,0.015,1.25,1.75,1.58
2.32,2.46,1.33,2.14,2.48,2.42,1.11,1.49,1.07,0.015,1.25,1.75,1.89
2.01,1.38,1.56,1.31,1.33,1.02,1.23,2.17,1.01,0.015,1.25,1.75,1.53
2.38,1.62,1.57,2.06,1.16,2.08,1.39,1.12,2.3,0.015,1.25,1.75,1.45
1.95,1.19,1,2.05,1.07,1.71,2.16,2.38,1.47,0.015,1.25,1.75,1.84
2.32,2.1,1.52,1.11,1.41,1.4,1.7,1.28,2.24,0.015,1.25,1.75,1.37
1.83,1.64,2.07,1.49,1.69,1.05,1.99,1.96,2.23,0.015,1.25,1.75,1.21
2.43,1.84,1.34,1.91,1.51,1.43,2.24,2.23,1.93,0.015,1.25,1.75,1.96
1.31,1.74,1.49,1.11,2.43,1.53,1.12,1.61,1.91,0.015,1.25,1.75,2.01
1.81,2.33,1.09,2,1.17,2.06,1.96,1.89,1.53,0.015,1.25,1.75,2.47
1.63,1.15,1.93,2.49,2.3,1.27,1.11,2.44,2.41,0.015,1.25,1.75,2.48
1.5,1.84,1.22,2.43,2.31,1.63,2.17,2.26,1.21,0.015,1.25,1.75,1.72
2.35,1.16,2.4,1.01,1.53,1.72,1.82,1.68,2.15,0.015,1.25,1.75,1.44
1.45,2.12,1.18,1.96,1,1.59,1.1,2.26,1.89,0.015,1.25,1.75,1.49
1,1.91,1.03,2.18,1.64,1.59,1.01,1.88,1.24,0.015,1.25,1.75,1.97
2.01,1.73,1.28,2.47,2.46,1.63,1.29,1.87,1.54,0.015,1.25,1.75,1.85
2.01,1.94,1.57,2,1.51,1.45,2.46,2.29,2.48,0.015,1.25,1.75,1.76
2.21,1.16,1.06,2.17,2.33,2.17,2.24,1.92,1.72,0.015,1.25,1.75,1.74
1.75,1.42,1.52,1.52,1.23,1.33,2.07,1.54,2.15,0.015,1.25,1.75,1.54
1.69,1.51,1.2,2.37,2.3,1.2,1.09,2.33,2.38,0.015,1.25,1.75,1.5
1.56,1.76,1.99,1.28,1.89,2.02,1.59,1.71,2.09,0.015,1.25,1.75,2.2
2.49,2.15,1.53,1.21,2.12,2.37,1.47,1.38,1.92,0.015,1.25,1.75,2.11
2.36,1.57,2.45,2.13,1.36,1.97,1.09,1.94,1.82,0.015,1.25,1.75,2.05
1.74,2.17,2.35,2.05,2.25,2.08,1.82,1.73,1.72,0.015,1.25,1.75,1.05
2.29,1.21,2.03,2.29,1.57,1.23,1.19,1.45,1.09,0.015,1.25,1.75,1.26
1.17,1.65,1.04,1.32,2.08,2.17,2.41,1.39,1.75,0.015,1.25,1.75,1.4
2.08,2.37,1.06,2,2.47,1.78,2.38,1.95,2.28,0.015,1.25,1.75,1.32
1.03,1.25,1.75,1.35,1.59,2.14,2.22,2.36,1.92,0.015,1.25,1.75,1.07
2.28,2.42,1.05,1.38,2.48,1.1,2.36,1.63,2.18,0.015,1.25,1.75,1.2
1.04,1.49,1.74,1.93,2.18,1.72,1.8,1.37,2.03,0.015,1.25,1.75,1.25
2.21,2.3,1.07,1.79,1.36,1.69,1.67,1.18,1.74,0.015,1.25,1.75,1.38
2.22,1.22,1.16,2.46,2.36,1.14,1.02,1.35,1.78,0.015,1.25,1.75,1.87
2.4,1.4,2.47,1.71,1.88,1.54,2.37,1.27,1.5,0.015,1.25,1.75,2.06
2.4,2,2.18,1.3,1.48,1.56,2.29,1.5,1.35,0.015,1.25,1.75,1.24
2.06,1.29,1.9,1.29,1.16,1.1,1.88,1.45,2.47,0.015,1.25,1.75,1.97
1.7,2.3,2.02,2.17,1.7,1.76,1.27,2.24,1.89,0.015,1.25,1.75,1.46
1.54,1.25,1.06,1.35,2.18,1.48,1.36,1.83,1.77,0.015,1.25,1.75,2.34
1.98,2.16,2.22,1.75,1.27,1.41,1.46,1.02,2.29,0.015,1.25,1.75,1.44
2.21,1.77,1.79,1.63,1.3,2.46,2.27,1.16,1.04,0.015,1.25,1.75,2.32
2.38,1.31,1.37,1.74,2.29,1.94,2.11,1.82,2.09,0.015,1.25,1.75,1.47
1.04,1.2,1.04,1.87,1.59,2.36,1.71,1.19,1.91,0.015,1.25,1.75,2.34
2.29,1.72,1.54,1.94,2.3,1.38,1.99,2.33,1.02,0.015,1.25,1.75,2.06
2.5,1.6,1.78,1.41,1.41,2.37,1.42,1.55,1.86,0.015,1.25,1.75,1.45
1.14,1.8,2.11,1.27,1,1.67,1.3,1.07,1.86,0.015,1.25,1.75,1.24
1.74,1.83,1.83,1.5,1.34,1.13,2.16,1.94,2.03,0.015,1.25,1.75,1.61
1.12,1.04,1.87,1.88,1.1,2.05,1.65,1.5,1.94,0.015,1.25,1.75,1.27
1.21,2.15,2.25,1.2,1.97,1.1,1.9,1.71,1.45,0.015,1.25,1.75,1.44
1.82,1.58,2.34,1.05,2.29,1.22,1.19,1.73,2.07,0.015,1.25,1.75,2.06
1.42,1.75,2.41,2.1,1.63,2.05,1.44,1.99,1.74,0.015,1.25,1.75,1.98
1.15,2.21,2.44,1.71,1.93,1.72,1.74,1.05,1.75,0.015,1.25,1.75,1.24
1.38,1.1,1.11,1.35,2.34,1.33,2.45,1.89,1.06,0.015,1.25,1.75,2.12
2.37,1.25,1.99,2.01,1.45,1.96,1.97,1.64,1.13,0.015,1.25,1.75,2.27
2.32,1.78,2.03,2.05,2.04,1.81,1.62,1.77,1.74,0.015,1.25,1.75,1.55
2.18,1.83,1.32,2.17,2.31,1.94,2.26,2.02,1.99,0.015,1.25,1.75,1.74
2.13,1.33,1.83,2.03,1.8,2.11,1.65,2.44,1.3,0.015,1.25,1.75,1.61
2.19,1.96,1.76,1.07,1.27,1.22,1.22,1.22,2.35,0.015,1.25,1.75,1.45
1.83,1.69,1.5,1.22,2.49,1.36,1.78,1.31,1.76,0.015,1.25,1.75,2.37
2.44,1.64,1.91,1.87,1.01,2.45,1.36,2.49,1.93,0.015,1.25,1.75,1.73
1.43,1.14,2.32,2.4,1.46,2.02,1.63,2.06,2.05,0.015,1.25,1.75,1.69
1.15,2.06,1.53,1.82,1.11,1.91,1.73,2.26,1.94,0.015,1.25,1.75,1.16
1.02,1.18,1.15,1.44,2.22,1.18,1.53,1.85,1.65,0.015,1.25,1.75,2.37
2.39,1.08,1.09,1.51,1.67,2.18,1.22,1.43,1.47,0.015,1.25,1.75,1.23
1.66,1.04,1.49,1.09,2.39,2.26,1.16,1.07,2.36,0.015,1.25,1.75,1.52
1.53,2.35,1.94,1.28,1.69,1.84,2.12,1.81,1.84,0.015,1.25,1.75,1.48
1.29,1.69,1.45,1.39,2.07,1.85,2.13,1.32,1.82,0.015,1.25,1.75,1.09
1.41,2.17,1.25,1.8,1.27,2.22,1.99,2.47,2.49,0.015,1.25,1.75,1.13
2,1.6,1.96,1.02,1.23,2.05,1.5,1.99,1.58,0.015,1.25,1.75,1.74
1.14,1.93,2.1,1.25,2.46,1.04,1.22,1.34,1.43,0.015,1.25,1.75,1.53
2.24,1.24,1.34,2,1.38,2.25,1.04,1.56,2.46,0.015,1.25,1.75,2.09
1.25,1.51,1.68,1.63,1.74,1.46,1.95,2.31,1.42,0.015,1.25,1.75,2.15
2.11,1.61,2.08,2.09,1.87,1.46,2.35,1.47,1.51,0.015,1.25,1.75,1.98
1.3,1.48,1.86,1.91,1.18,1.84,2.22,2.18,1.62,0.015,1.25,1.75,1.32
1.51,1.3,2.29,1.91,1.11,2.48,1.77,1.16,1,0.015,1.25,1.75,2.2
1.2,2.48,2.05,2.03,1.86,1.86,2.39,1.65,1.32,0.015,1.25,1.75,1.92
1.13,1.58,1.23,1.56,1.05,1.95,1.04,1.85,2.4,0.015,1.25,1.75,2.11
1.58,1.35,1.06,1.86,1.49,1.98,1.16,1.35,1.17,0.015,1.25,1.75,1.8
1.95,1.76,1.53,1.67,1.69,1.88,1.91,1.18,1.21,0.015,1.25,1.75,2.05
1.11,1.44,1,1.13,2,1.81,2.02,1.8,1.03,0.015,1.25,1.75,2.25
1.85,1.95,1.14,1.96,2.14,2.31,1.32,1.93,2.47,0.015,1.25,1.75,2.16
2.48,2.24,1.59,1.28,1.55,1.76,1.53,2.35,2.41,0.015,1.25,1.75,1.99
1.77,1.16,1.41,1.11,1.55,1.36,1.94,1.96,2.16,0.015,1.25,1.75,2.33
1.17,2.2,1.01,1.75,1.14,2.17,2.35,2.01,2.43,0.015,1.25,1.75,1.18
2.19,1.81,2.06,1.57,2.08,1.02,1.54,1.15,2.24,0.015,1.25,1.75,1.34
2.09,1.46,1.45,2.48,1.91,2.47,1.99,1.04,1.51,0.015,1.25,1.75,1.8
1.62,1.77,2.47,2.4,1.89,1.59,1.55,2.35,2.03,0.015,1.25,1.75,1.2
1.97,2.27,1.63,1.3,1.42,2.01,1.3,1.17,2.42,0.015,1.25,1.75,1.93
1.45,2.33,2.44,1.76,1.84,1.8,2.37,1.62,1.58,0.015,1.25,1.75,1.48
2.4,1.59,2.13,1.36,2.32,2.05,2.29,2.09,2.47,0.015,1.25,1.75,1.73
1.92,1.74,1.92,2.32,1.52,2.49,1.11,2.14,2.35,0.015,1.25,1.75,1.08
2.28,2.44,1.1,2.26,2.26,1.42,1.75,2.08,2.1,0.015,1.25,1.75,1.68
1.88,2.05,1.65,2.38,1.86,1.74,1.47,1.46,2.43,0.015,1.25,1.75,1.1
1.62,1.86,1.99,2.22,2.27,1.23,2.21,2.25,1.27,0.015,1.25,1.75,2.08
1.9,2.12,2.47,1.2,1.61,1.62,2.15,1.68,1.54,0.015,1.25,1.75,1.94
2.35,1.72,1.38,2.07,1.87,2.14,1.66,2.47,1.7,0.015,1.25,1.75,1.38
2.22,1.96,1.42,1.46,1.82,1.78,2.39,2.45,1.78,0.015,1.25,1.75,2.29
1,1.19,2.16,1.35,2.36,1.78,2.29,2.35,1.39,0.015,1.25,1.75,1.84
1.84,1.98,1.31,2.39,1.78,2.17,1.24,1.07,1.92,0.015,1.25,1.75,1.37
2.3,2.46,1.82,2.22,1.69,1.33,2.48,1.23,2.31,0.015,1.25,1.75,1.97
1.71,2.33,1.63,1.38,2.33,2.49,1.39,1.36,1.16,0.015,1.25,1.75,2.23
1.92,1.52,2.25,2.39,2.27,1.32,2.03,1.39,1.23,0.015,1.25,1.75,1.87
2.03,1.48,1.6,1.16,2.33,1.32,1.02,1.64,1.82,0.015,1.25,1.75,1
1.76,1.89,1.49,1.54,2.32,1.25,1.23,2.5,1.56,0.015,1.25,1.75,1.36
1.88,2.13,2.23,1.65,1.86,1.75,1.56,1.31,1.95,0.015,1.25,1.75,1.23
1.72,1.3,1.3,1.96,1.93,1.16,1.37,2.15,2.37,0.015,1.25,1.75,1.86
1.15,1.64,1,1.39,2.37,2.35,1.13,1.67,1.04,0.015,1.25,1.75,2.02
2.29,1.77,1.89,1.46,2.08,2.13,1.01,1.28,2.37,0.015,1.25,1.75,1.96
2.23,2.25,1.67,1.38,1.39,1.35,2.36,2.24,2.11,0.015,1.25,1.75,1.62
1.13,1.54,1.13,1.46,1.22,1.68,2.41,1.78,2.14,0.015,1.25,1.75,2.32
1.63,2.04,2.36,1.62,2.15,2.01,1.6,2.42,1.48,0.015,1.25,1.75,1.1
2.22,2.26,2.23,2.26,1.15,1.87,1.25,1.35,1.14,0.015,1.25,1.75,2
1.13,1.3,1.64,2.29,1.1,1.22,1.39,1.98,1.47,0.015,1.25,1.75,1.23
1.6,2.43,1.55,2.46,2.13,2.08,2.43,2.19,1.04,0.015,1.25,1.75,1.5
1.88,1.15,2.5,2.38,2.04,2.28,1.22,1.89,2.13,0.015,1.25,1.75,1.99
2.22,2.38,2.22,1.6,2.09,2.04,2.21,1.34,1.72,0.015,1.25,1.75,1.97
1.71,1.63,2.15,1.87,1.52,2.14,1.58,2.31,1.14,0.015,1.25,1.75,1.05
2.03,1.53,1.56,1.55,2.48,2.02,2.29,1.03,1.23,0.015,1.25,1.75,1.98
1.69,1.83,1.38,1.02,1.54,1.64,2.27,1.13,1.82,0.015,1.25,1.75,2.43
2.16,1.12,1.31,2.18,1.77,1.08,2.15,1.89,2.31,0.015,1.25,1.75,2.13
2.23,1.32,2.32,1.44,1.18,1.74,1.52,1.64,1.15,0.015,1.25,1.75,1.15
1.6,2.38,2.01,1.8,2.38,1.55,2.24,2.14,2.5,0.015,1.25,1.75,2.48
2.17,1.72,1.19,1.42,1.16,1.35,1.44,1.45,1.15,0.015,1.25,1.75,1.15
2.12,1.49,2.23,1.12,2.38,2.31,2.29,1.91,1.85,0.015,1.25,1.75,2.46
1.75,2.24,1.46,2.01,1.75,2.33,1.2,1.18,2.1,0.015,1.25,1.75,1.68
1.78,1.35,1.75,1.78,1.92,1.98,1.6,1.04,1.31,0.015,1.25,1.75,2.37
1.9,1.42,1.54,1.21,1.4,2.16,1.43,2.15,2.02,0.015,1.25,1.75,1.42
1.99,2.25,1.91,1.47,2,2.13,1.53,1.53,2.42,0.015,1.25,1.75,1.58
2.26,1.47,2,1.26,1.18,1.74,2.43,1.72,1.68,0.015,1.25,1.75,1.86
2.28,1.89,2.27,1.73,1.35,1.64,1.06,2.28,1.05,0.015,1.25,1.75,1.27
2.35,2.03,1.62,2.09,1.65,1.41,1.97,2.19,2.21,0.015,1.25,1.75,2.43
2.39,1.92,2.44,1.42,2.2,2.16,2.31,1.63,1.68,0.015,1.25,1.75,1.23
1.33,1.04,1.2,2.38,1.17,1.7,1.5,2.18,1.14,0.015,1.25,1.75,2.08
2.01,2.04,1.96,2.19,2.31,2.28,1.36,1.44,2.31,0.015,1.25,1.75,1.07
1.14,1.18,2.05,1.99,2.33,1.64,2.48,2.19,1.61,0.015,1.25,1.75,1.96
1.99,1.22,1.15,2.28,2.31,1.51,1.62,1.85,1.22,0.015,1.25,1.75,2.34
2.05,1.51,2.22,2.41,2.37,2.29,1.93,1.72,1.46,0.015,1.25,1.75,1.55
1.79,1.01,2.43,1.47,2.5,1.31,1.39,1.66,1.28,0.015,1.25,1.75,1.38
1.85,2.44,1.32,1.51,1.12,1.63,1.37,2.05,1.47,0.015,1.25,1.75,1.39
2.23,1.2,1.09,2.3,2.47,2.12,2.36,1.74,2.4,0.015,1.25,1.75,1.97
2.28,2.37,1.12,1.15,2.3,1.37,1.23,2.38,1.75,0.015,1.25,1.75,1.52
2.18,1.95,1.6,1.86,2.3,1.7,1.76,2.35,2.5,0.015,1.25,1.75,1.18
1.9,2.35,1.31,1.13,2.23,1.9,2.09,1.64,1.32,0.015,1.25,1.75,2.26
1.75,1.54,1.28,1.76,2.01,1.42,2.1,1.72,1.96,0.015,1.25,1.75,1.38
1.07,2.04,2.07,2.47,1.81,1.12,1.06,2.48,1.54,0.015,1.25,1.75,1.82
2.5,1.95,2.47,2.01,1.99,2.26,1.52,1.07,2.14,0.015,1.25,1.75,2.17
1.42,1.68,2.23,2.18,2.4,1.91,1.34,1.19,1.1,0.015,1.25,1.75,1.71
1.26,2.22,1.54,1.23,1.19,2.38,1.08,2.41,1.68,0.015,1.25,1.75,1.66
2.34,1.3,2.39,1.18,2.41,1.27,1.23,1.86,2.37,0.015,1.25,1.75,1.38
1.04,2.34,1.39,2.21,2.44,1.33,2.36,2.13,2.25,0.015,1.25,1.75,1.94
2.09,1.11,2.4,1.69,1.92,1.3,1.89,1.78,1.75,0.015,1.25,1.75,1.01
2.36,1.29,1.66,1.45,1.33,1.49,1.43,1.86,1.89,0.015,1.25,1.75,1.56
1.42,1.31,1.71,1.29,1.36,1.18,1.82,2.17,2.13,0.015,1.25,1.75,2.42
1.8,1.13,1.89,1.46,1.41,2.21,1.64,1.02,2.23,0.015,1.25,1.75,1.3
1.88,2.39,2.17,2.05,1.86,1.22,2.49,1.15,1.61,0.015,1.25,1.75,1.15
2.42,1.33,2.19,1.5,2.02,1.78,2.44,2.34,1.65,0.015,1.25,1.75,1.65
1.04,2.49,1.73,1.89,1.04,1.13,1.58,2.09,1.33,0.015,1.25,1.75,1.15
1.2,2.47,1.28,1.31,1.99,1.64,1.5,1.53,2.42,0.015,1.25,1.75,1.63
1.58,1.62,1.04,1.58,1.6,1.32,2.2,2.5,2.49,0.015,1.25,1.75,2.09
1.75,1.09,2.42,2.35,1.67,1.09,1.58,2.5,1.08,0.015,1.25,1.75,1.23
1.12,1.6,1.4,1.1,1.16,1.37,1.12,1.97,2.36,0.015,1.25,1.75,1.05
1.55,1.95,1.27,1.75,1.3,1.14,1.91,2.02,1.68,0.015,1.25,1.75,1.55
1.25,1.98,2.18,1.26,1.11,1.61,1.4,1.45,2.38,0.015,1.25,1.75,1.08
2.49,1.98,1.62,1.67,1.86,1.53,1.02,1.45,2.24,0.015,1.25,1.75,1.46
1.45,1.71,1.79,2.05,2.21,1.68,1.32,1.21,2.44,0.015,1.25,1.75,2.35
1.88,2.26,2,1.38,1.04,1.52,1.34,2.3,1.42,0.015,1.25,1.75,2.33
1.39,1.86,2.36,1.31,1.46,1.72,2.04,1.74,1.56,0.015,1.25,1.75,1.53
1.53,1.99,1.21,2.11,1.57,1.5,2.42,1.4,1.62,0.015,1.25,1.75,1.87
2.12,1.13,2.03,1.9,1.9,2.47,1.91,2.3,2,0.015,1.25,1.75,1.08
1.49,1.86,1.64,1.27,2.11,2.19,1.87,1.12,2.05,0.015,1.25,1.75,1.11
1.56,1.22,2.29,1.39,1.58,1.93,1.09,2.29,1.72,0.015,1.25,1.75,1.11
2.15,1.41,2.19,1.23,1.5,1.71,1.34,2.43,1.81,0.015,1.25,1.75,1.42
1.93,1.34,1.51,1.94,2.39,1.37,2.27,2.44,1.95,0.015,1.25,1.75,2.39
1.26,2.43,1.74,1.21,1.93,2.32,1.23,1.9,1.82,0.015,1.25,1.75,1.72
1.17,1.49,1.84,1.05,2.31,1.78,2.47,1.39,1.77,0.015,1.25,1.75,1.89
1.57,1.16,1.27,1.95,1.32,2.22,2.33,2.01,1.07,0.015,1.25,1.75,2.45
1.85,1.91,1.3,1.93,2.4,1.23,1.25,1.26,2.46,0.015,1.25,1.75,1.89
1.64,2.32,1.04,2.1,2.36,1.6,2.39,1.96,1.67,0.015,1.25,1.75,1.09
1.08,1.56,1.27,1.69,1.79,1.91,2.18,2,1.36,0.015,1.25,1.75,1.32
1.59,2.42,1.42,1.52,1.39,1.72,2.23,1.02,1.93,0.015,1.25,1.75,1.1
1.15,1.33,1.55,1.34,2.46,1.16,1.1,1.74,1.18,0.015,1.25,1.75,1.55
1.62,1.24,1.07,2.29,1.25,2.46,1.77,1.73,1.33,0.015,1.25,1.75,1.48
2.29,1.47,1.78,1.17,2.02,1.1,2.07,1.9,1.96,0.015,1.25,1.75,2.22
1.44,1.43,2.29,1.42,2.19,1.11,1.25,2.01,1.23,0.015,1.25,1.75,1.06
2,1,1.04,1.46,2.32,1.79,1.25,1.04,1.97,0.015,1.25,1.75,1.15
2.21,2.1,1.37,1.06,1.98,1.79,2.44,1.36,2.08,0.015,1.25,1.75,1.06
1.93,1.85,2.47,2,1.24,1.29,1.38,1.63,1.36,0.015,1.25,1.75,1.28
2.29,1.31,2.13,1.25,1.7,2.31,1.36,2.28,1.02,0.015,1.25,1.75,2.19
1.99,1.28,1.42,2.27,2.14,1.32,2.15,1.81,2.32,0.015,1.25,1.75,1.33
1.87,1.23,2.39,1.16,1.74,1.61,1.44,1.01,2.25,0.015,1.25,1.75,1.6
1.69,1.78,2.23,2.1,1.05,1.65,2.04,1.85,1.55,0.015,1.25,1.75,1.89
2.21,1.12,2.05,1.47,1.87,2.49,2.43,1.38,2.3,0.015,1.25,1.75,2
1.15,1.16,1.21,2.32,1.97,1.64,1.85,1.67,1.25,0.015,1.25,1.75,1.28
1.21,2.22,1.54,1.74,1.26,1.77,1.35,1.95,1.16,0.015,1.25,1.75,1.97
2.03,2.38,1.12,1.2,1.36,1.83,1.37,1.55,1.82,0.015,1.25,1.75,1.19
1.38,1.92,1.39,1.45,1.24,1.52,1.29,2.29,1.54,0.015,1.25,1.75,2.07
2.23,1.43,1.56,1.71,1.01,2.07,1.04,1.44,2.14,0.015,1.25,1.75,1.48
1.62,1.53,1.05,2.23,1.56,2.21,1.41,2.16,1.4,0.015,1.25,1.75,1.8
1.34,2.2,2.39,1.96,1.55,2.45,1.28,2,1.72,0.015,1.25,1.75,2.07
1.24,2.04,2.4,2.06,1.73,1.32,2,1.18,1.11,0.015,1.25,1.75,1.29
1.23,1.35,1.39,2.2,2.15,1.6,1,2.04,1.69,0.015,1.25,1.75,1.67
1.67,1.79,1.51,2.04,1.08,1.12,1.4,1.19,1.47,0.015,1.25,1.75,1.71
2.34,2.04,1.34,1.34,2.18,2.34,2.06,1.78,1.02,0.015,1.25,1.75,1.02
1.4,1.5,1.79,1.46,1.52,1.22,1.98,1.85,1.42,0.015,1.25,1.75,1.18
2.19,1.03,1.2,1.93,1.37,1.89,1.23,1.75,2.18,0.015,1.25,1.75,1.94
2.03,2.17,2.09,1.35,1.44,1.05,1.07,2.1,1.5,0.015,1.25,1.75,1.46
1.03,1.31,1.94,2.12,1.94,1.12,1.41,2.02,2.15,0.015,1.25,1.75,1.52
1.64,1.46,1.36,2.07,2.45,1.19,1.45,1.01,2,0.015,1.25,1.75,2.34
1.07,2.45,2.32,2.47,1.21,2.29,1.31,1.86,2.47,0.015,1.25,1.75,1.35
2.11,1.73,1.39,1.5,1.65,1.48,2.37,1,2.5,0.015,1.25,1.75,1.76
1.71,1.68,1.23,1.28,2.46,1.15,2.5,2.05,1.12,0.015,1.25,1.75,2.26
1.44,2.14,1.4,1.77,2.16,1.96,1.15,1.44,1,0.015,1.25,1.75,1.98
1.28,2.34,1.63,1.89,1.63,1.34,2.12,1.96,1.44,0.015,1.25,1.75,1.1
1.2,1.12,1.6,1.11,1.57,1.51,2.29,1.93,2.2,0.015,1.25,1.75,1.69
1.5,2.49,1.41,1.7,1.02,2.16,1.14,1.03,1.62,0.015,1.25,1.75,1.47
2.4,1.99,1.87,2.14,1.34,1.85,1.04,1.88,2.43,0.015,1.25,1.75,2.34
1.79,1.42,2.31,2.25,2.25,1.23,2.48,1.34,2.08,0.015,1.25,1.75,2.13
1.39,2.32,1.29,1.75,1.85,1.59,1.79,1.15,1.68,0.015,1.25,1.75,1.99
2.37,1.92,1.07,1.25,1.15,1.43,2.04,2.21,1.26,0.015,1.25,1.75,1.36
2.5,1.74,2.28,2.14,2.42,2.29,1.81,1.04,1.36,0.015,1.25,1.75,2.24
2.4,1.39,1.84,1.06,2.02,1.13,1.93,1.12,2.49,0.015,1.25,1.75,1.88
1.92,2.12,2.11,1.27,2.36,2.26,1.11,1.31,1.88,0.015,1.25,1.75,1.7
1.66,1.62,2.24,1.21,1.93,1.73,2.28,1.25,1.99,0.015,1.25,1.75,1.88
2.28,1.47,1.73,2.18,1.95,1.05,2.4,2.21,2,0.015,1.25,1.75,1.82
1.13,2.36,1.17,1.24,1.12,1.96,2.13,1.83,2.46,0.015,1.25,1.75,1.36
2.47,1.99,2.02,1.16,1.36,2.22,2.46,1.76,2.14,0.015,1.25,1.75,1.29
2.01,1.59,2.42,1.22,1.32,1.61,2.02,1.12,1.97,0.015,1.25,1.75,1.34
1.17,2.43,2.15,2.3,1.61,2.04,2.29,1.66,2.14,0.015,1.25,1.75,2.1
1.43,1.58,1.42,1,1.34,1.52,1.65,1.94,1.13,0.015,1.25,1.75,1.24
1.44,1.42,1.72,1.77,1.26,1.45,2.15,1.56,2.44,0.015,1.25,1.75,1.62
2.45,2.25,1.9,1.28,2.41,2.19,1.56,2.43,2.21,0.015,1.25,1.75,1.64
2.29,2.2,2.04,1.11,1.66,1.67,1.86,1.86,2.04,0.015,1.25,1.75,1.38
2.22,2.15,1.27,1.24,2.06,1.78,1.79,2.01,2.18,0.015,1.25,1.75,1.25
1.91,2.01,1.01,1.75,1.08,1.33,2.2,1.44,1.75,0.015,1.25,1.75,1.46
2.16,2.39,1.17,1.97,1.39,1.43,2.21,1.52,1.55,0.015,1.25,1.75,1.28
2.27,1.84,2.15,2.22,2.06,2.33,1.93,1.1,1.1,0.015,1.25,1.75,1.07
1.02,1.96,1.58,2.15,1.35,1.51,1.09,2.3,1.81,0.015,1.25,1.75,1.03
1.55,2.2,1.51,1.89,1.98,1.49,2.18,1.19,2.08,0.015,1.25,1.75,1.45
1.86,2.01,2.22,1.07,1.52,1.38,1.88,2.45,2.12,0.015,1.25,1.75,2.31
1.34,2.17,2.32,1.85,1.95,1.63,1.85,1.13,1.63,0.015,1.25,1.75,2.5
2.42,2.25,1.12,1.15,2.35,2.06,1.83,1.22,1.89,0.015,1.25,1.75,2.1
1.83,2.48,2.42,1.49,1.83,1.04,1.7,2.08,1.19,0.015,1.25,1.75,1.07
2.25,1.09,1.81,1.33,1.29,2.25,1.27,1.48,1.58,0.015,1.25,1.75,1.38
1.06,1.17,2.3,2.26,1.96,1.1,1.79,1.25,1.08,0.015,1.25,1.75,2.21
1.07,1.44,1.72,1.47,1.26,1.11,1.29,1.23,2.32,0.015,1.25,1.75,1.41
1.85,1.59,2,2.04,2.07,1.3,1.34,1.17,2.41,0.015,1.25,1.75,1.49
2.01,1.31,1.19,1.22,2.33,1.62,1.15,1.48,1.85,0.015,1.25,1.75,1.58
2.48,2.44,2.35,1.2,1.54,2.07,1.7,1.5,1.61,0.015,1.25,1.75,1.42
2.23,2.15,1.84,1.72,2.47,2.35,1.41,2.19,1.72,0.015,1.25,1.75,1.05
1.43,1.35,1.69,1.18,1.88,1.41,1.43,1.63,1.86,0.015,1.25,1.75,1.63
2.07,1.28,2.43,1.26,1.58,1.37,2.29,2.03,1.21,0.015,1.25,1.75,2.31
1.33,2.35,1.62,2.49,2.18,1.72,2.34,2.14,1.86,0.015,1.25,1.75,2
1.49,1.74,1.27,1.3,1.19,1.46,2.11,1.56,1.56,0.015,1.25,1.75,1.9
1.58,1.14,2,1.45,1.41,1.4,1.4,1.32,1.87,0.015,1.25,1.75,2.45
1.47,1.48,2.32,1.39,1.07,2.17,2.36,1.53,2.49,0.015,1.25,1.75,2.45
2.24,1.72,2.42,1.57,1.44,1.65,1.89,1.6,2.1,0.015,1.25,1.75,1.31
2.16,1.19,1.73,1.95,2.06,1.89,1.19,1.43,2.41,0.015,1.25,1.75,2.21
1.2,2.12,2.27,1.6,1.81,1.84,1.67,1.59,2.07,0.015,1.25,1.75,1.6
2.49,1.1,1.26,1.07,1.37,1.66,1.95,1.7,1.48,0.015,1.25,1.75,2.39
2.49,1.92,2.45,2.39,1.56,1.2,1.01,2.17,1.49,0.015,1.25,1.75,1.81
1.78,1.3,2.04,2.47,2.35,2.37,2.37,1.72,1.6,0.015,1.25,1.75,2.37
1.02,1.63,1.83,2.07,1.44,1.68,1.9,1.25,1.16,0.015,1.25,1.75,2.04
1.96,2.01,2.09,1.08,1.6,1.38,2.22,1.28,1.87,0.015,1.25,1.75,2.42
2.44,2.32,1.4,2.32,2.46,2.41,1.97,2.19,1.42,0.015,1.25,1.75,2.12
1.02,1.17,1.39,1.2,1.3,2.14,1.71,2.5,1.18,0.015,1.25,1.75,1.7
1.88,1.84,1.23,1.06,1.28,1.1,1.52,2.33,2.18,0.015,1.25,1.75,1.02
2.27,1.63,1.94,2.16,2.33,1.06,1.07,2.12,1.5,0.015,1.25,1.75,1
1.49,1.26,1.99,2.28,1.08,1.81,1.4,1.83,1.76,0.015,1.25,1.75,2.28
2.32,1.39,1.85,2.02,2.47,1.69,1.22,2.07,1.34,0.015,1.25,1.75,2.47
1.1,2.15,2.17,2.26,2.27,1.41,1.29,1.77,2.47,0.015,1.25,1.75,2.24
1.9,2.33,2.23,2.28,1.28,1.63,1.12,1.24,1.15,0.015,1.25,1.75,1.49
1.23,2.32,1.87,2.42,2.11,1.98,1.2,2.23,2.04,0.015,1.25,1.75,1.8
2.16,1.08,1.5,1.8,1.85,1.63,1.9,1.97,1.1,0.015,1.25,1.75,2.37
1.67,2.19,2.08,1.45,1.61,2.31,1.12,1.62,2.33,0.015,1.25,1.75,2.42
1.13,2.48,1.36,1.71,1.33,2.02,2.42,2.43,2.26,0.015,1.25,1.75,1.75
1.1,2.47,1.6,2.49,1.04,1.33,1.44,2.17,1.06,0.015,1.25,1.75,2.24
1.69,2.41,1.14,2.47,2.01,1.46,1.37,1,2.04,0.015,1.25,1.75,1.64
2.29,1.19,1.34,1.73,1.27,1.9,2.37,1.3,1.69,0.015,1.25,1.75,2.13
2.28,2.02,2.23,2.02,1.43,1.82,1.76,1.92,1.56,0.015,1.25,1.75,1.72
1.85,2.06,1.36,1.57,1.26,1.38,1.16,2,2.35,0.015,1.25,1.75,2.27
2.47,1.15,1.45,1.17,1.97,1.47,1.87,2.09,1.38,0.015,1.25,1.75,1.6
1.86,2.4,1.67,2.16,2.4,1.04,2.25,1.97,1,0.015,1.25,1.75,1.25
1.64,1.06,1.29,1.7,2.5,1.66,1.01,1.3,2.39,0.015,1.25,1.75,1.9
1.39,1.2,2.46,2.5,1.93,2.09,1.89,2.27,1.63,0.015,1.25,1.75,1.75
1.53,1.72,2.07,2.33,1.03,1.85,1.43,2.03,1.63,0.015,1.25,1.75,2.06
2.16,2.4,1.26,2.1,1.24,2.2,1.35,1.82,1.63,0.015,1.25,1.75,1.7
2.41,1.24,1.43,1.34,1.24,1.37,2.12,1.61,1.77,0.015,1.25,1.75,1.39
1.19,1.92,2.12,2.13,2.25,2.34,1.96,2.34,1.5,0.015,1.25,1.75,1.61
1.76,2.35,1.07,2.27,2.12,1.62,1.87,2.33,1.62,0.015,1.25,1.75,1.45
2.42,2.44,2.46,1.16,2.33,1.41,1.61,2.11,1.67,0.015,1.25,1.75,1.94
1.3,2.14,1.3,2.28,1.53,1.98,1.55,1.53,2.33,0.015,1.25,1.75,1.81
1.54,2.24,2.17,1.13,1.54,2.17,1.59,1.38,1.7,0.015,1.25,1.75,1.61
2.19,1.89,1.24,1.34,1.28,2.18,1.43,2.32,1.81,0.015,1.25,1.75,2.28
2.27,2.47,1.23,1.23,2.26,1.27,1.37,1.86,2.21,0.015,1.25,1.75,1.58
1.31,1.89,1.52,1.5,2,1.41,2.19,1.47,1.73,0.015,1.25,1.75,1.29
1.96,2.11,1.36,1.2,2.13,1.55,2.49,1.45,1.56,0.015,1.25,1.75,1.33
2,1.21,1.01,2.1,1.13,2.49,1.91,1.91,2.11,0.015,1.25,1.75,1.94
1.46,1.58,2.34,1.49,2.29,1.42,1.51,1.61,1.69,0.015,1.25,1.75,2.43
1.21,2.28,1.34,1.96,1.19,1.61,1.01,2.25,1.95,0.015,1.25,1.75,1.74
1.78,2.14,1.27,2.35,1.08,2.21,1.97,1.46,1.74,0.015,1.25,1.75,1.18
1.22,2.37,1.85,1.37,1.87,1.41,2.09,2.39,1.13,0.015,1.25,1.75,1.21
2.19,2.05,1.32,1.1,1.08,2.38,1.72,2.28,1.01,0.015,1.25,1.75,1.93
1.22,1.57,1.79,1.09,2.27,2.07,2.2,1.11,1.4,0.015,1.25,1.75,1.21
2.15,1.96,1.11,1.58,1.32,1.77,1.84,1.81,1.66,0.015,1.25,1.75,2.05
1.52,1.43,1.75,1.16,1.46,1.68,1.13,2.4,1.93,0.015,1.25,1.75,2.02
1.99,2,2.04,2.5,2.04,2.09,1.27,2.37,1.61,0.015,1.25,1.75,2.04
2.46,1.52,2.38,1.8,1.08,1.78,1.9,1.57,1.3,0.015,1.25,1.75,1.13
1.41,1.55,1.36,1.47,1.61,1.06,1.74,1.58,2.07,0.015,1.25,1.75,1.18
1.47,2.23,1.66,1.04,2.24,1.33,1.31,2.21,1.86,0.015,1.25,1.75,1.06
2.39,1.49,1.28,2.45,1.66,1.94,1.53,1.41,1.62,0.015,1.25,1.75,1.41
2.48,1.2,1.47,1.73,1.18,1.89,2.05,2.03,1.1,0.015,1.25,1.75,1.83
2.01,2.49,1.7,1.67,1.77,1.29,2.39,2.2,2.4,0.015,1.25,1.75,2
1.34,2.34,1.92,1.97,1.56,1.35,1.97,1.08,1.94,0.015,1.25,1.75,1.24
1.54,1.76,1.1,1.96,1.3,2.05,2.31,1.84,2.31,0.015,1.25,1.75,2.01
2.25,1.77,1.07,1.96,1.48,2.14,1.1,1.38,2.38,0.015,1.25,1.75,1.58
1.67,1.46,1.8,2.22,1.28,2.24,1.83,1.91,2.32,0.015,1.25,1.75,1.91
2.37,1.3,1.52,2,1.47,1.35,1.09,1.76,1.46,0.015,1.25,1.75,2.43